#Wavelength (nm)	6.4 nm	9.23 nm	11.8 nm
192	0.7677	0.8205	0.8869
192.9999	0.7674	0.8181	0.8877
193.9999	0.7667	0.8157	0.8865
194.9998	0.7675	0.8163	0.8848
195.9997	0.767	0.8155	0.8847
196.9997	0.7667	0.8151	0.8845
197.9996	0.7658	0.8145	0.8837
198.9995	0.7653	0.8143	0.8827
199.9995	0.7648	0.8141	0.8825
200.9994	0.7641	0.8131	0.8823
201.9993	0.7637	0.8128	0.8827
202.9993	0.7628	0.8118	0.8823
203.9992	0.7614	0.811	0.8814
204.9991	0.7606	0.8101	0.8806
205.9991	0.7596	0.8095	0.8798
206.999	0.7587	0.8088	0.8796
207.9989	0.7574	0.807	0.8786
208.9989	0.7562	0.8061	0.8777
209.9988	0.7558	0.8058	0.8771
210.9987	0.7542	0.8046	0.8755
211.9987	0.7531	0.8027	0.8748
212.9986	0.7529	0.8025	0.8747
213.9985	0.753	0.8019	0.875
214.9984	0.7525	0.8013	0.8751
215.9984	0.7523	0.801	0.8756
216.9983	0.752	0.8015	0.8765
217.9982	0.7516	0.8014	0.8771
218.9982	0.7512	0.8009	0.8772
219.9981	0.7514	0.8007	0.8779
220.998	0.7513	0.8014	0.8782
221.998	0.7507	0.8014	0.8784
222.9979	0.7493	0.8016	0.8779
223.9978	0.7488	0.802	0.8777
224.9978	0.748	0.8014	0.8769
225.9977	0.7474	0.8009	0.8764
226.9976	0.7471	0.8011	0.8762
227.9976	0.7465	0.801	0.8761
228.9975	0.7461	0.8011	0.8759
229.9974	0.7455	0.8013	0.8761
230.9974	0.7456	0.8014	0.8762
231.9973	0.7455	0.8008	0.8761
232.9972	0.7452	0.8006	0.8762
233.9972	0.745	0.8006	0.8764
234.9971	0.7449	0.8006	0.8767
235.997	0.7446	0.8001	0.8767
236.997	0.7447	0.7998	0.877
237.9969	0.7449	0.8	0.8776
238.9968	0.745	0.8	0.8777
239.9968	0.7445	0.7995	0.8778
240.9967	0.7445	0.7995	0.8786
241.9966	0.7445	0.7991	0.8788
242.9966	0.7442	0.7989	0.8783
243.9965	0.7443	0.7989	0.8785
244.9964	0.7444	0.799	0.8785
245.9964	0.7445	0.7993	0.8787
246.9963	0.7438	0.7988	0.8786
247.9962	0.7437	0.7982	0.8792
248.9962	0.7437	0.7977	0.879
249.9961	0.7443	0.7979	0.8797
250.996	0.7442	0.7976	0.8799
251.996	0.744	0.7973	0.8811
252.9959	0.7434	0.7973	0.8815
253.9958	0.7431	0.7975	0.8825
254.9958	0.7426	0.7973	0.8825
255.9957	0.7428	0.7976	0.8832
256.9956	0.7425	0.7976	0.8829
257.9955	0.7422	0.7981	0.8832
258.9955	0.7409	0.7981	0.8824
259.9954	0.741	0.7986	0.883
260.9954	0.7413	0.7991	0.8831
261.9953	0.7418	0.7995	0.8833
262.9952	0.7422	0.7996	0.8833
263.9951	0.7424	0.8	0.8837
264.9951	0.7424	0.8003	0.884
265.995	0.7426	0.8007	0.8845
266.9949	0.7429	0.8008	0.8849
267.9949	0.7437	0.8012	0.8855
268.9948	0.7444	0.8018	0.886
269.9948	0.745	0.802	0.8866
270.9947	0.7456	0.8023	0.8871
271.9946	0.7455	0.8023	0.8871
272.9945	0.7458	0.8029	0.8873
273.9945	0.746	0.8029	0.8871
274.9944	0.7464	0.8035	0.8873
275.9943	0.747	0.8042	0.8881
276.9943	0.7474	0.8047	0.8885
277.9942	0.7471	0.8044	0.8883
278.9941	0.7473	0.8049	0.8882
279.9941	0.7474	0.8056	0.8882
280.994	0.7481	0.8061	0.889
281.9939	0.7486	0.8061	0.8894
282.9939	0.7494	0.8069	0.89
283.9938	0.7501	0.8075	0.8909
284.9937	0.7508	0.8076	0.8911
285.9937	0.7514	0.8081	0.8912
286.9936	0.7524	0.809	0.8919
287.9935	0.7529	0.8092	0.8922
288.9935	0.7535	0.8093	0.8926
289.9934	0.7541	0.8098	0.8928
290.9933	0.7547	0.8101	0.8931
291.9933	0.7549	0.8099	0.8932
292.9932	0.7549	0.8097	0.8928
293.9931	0.7552	0.81	0.8927
294.993	0.7551	0.8102	0.893
295.993	0.7557	0.8104	0.8929
296.9929	0.7561	0.8112	0.8934
297.9929	0.7564	0.8113	0.8935
298.9928	0.7568	0.8115	0.8936
299.9927	0.7575	0.8121	0.8937
300.9926	0.7579	0.8126	0.8935
301.9926	0.7587	0.8137	0.8942
302.9925	0.7591	0.8141	0.8945
303.9924	0.7599	0.8147	0.8949
304.9924	0.7603	0.8154	0.8958
305.9923	0.7611	0.8154	0.8959
306.9922	0.7621	0.816	0.8962
307.9922	0.7624	0.8169	0.8962
308.9921	0.7622	0.8174	0.8965
309.992	0.7631	0.818	0.8973
310.992	0.7637	0.8178	0.8976
311.9919	0.7644	0.8185	0.8982
312.9918	0.7651	0.8191	0.8987
313.9918	0.7653	0.819	0.8991
314.9917	0.7656	0.8193	0.9
315.9916	0.7657	0.8198	0.9006
316.9916	0.7658	0.8198	0.9005
317.9915	0.7659	0.8196	0.9
318.9914	0.7658	0.82	0.8996
319.9914	0.7659	0.8207	0.8994
320.9913	0.7656	0.8204	0.899
321.9912	0.7651	0.8206	0.899
322.9911	0.7662	0.8214	0.8987
323.9911	0.7664	0.8217	0.898
324.991	0.7674	0.8228	0.8982
325.991	0.7672	0.8228	0.8985
326.9909	0.7679	0.8231	0.8993
327.9908	0.7686	0.8232	0.9004
328.9908	0.769	0.8231	0.9005
329.9907	0.7702	0.824	0.9012
330.9906	0.7711	0.8244	0.9012
331.9905	0.7707	0.8245	0.9011
332.9905	0.7712	0.8247	0.9017
333.9904	0.771	0.8243	0.902
334.9904	0.7722	0.8251	0.9026
335.9903	0.7729	0.8257	0.9031
336.9902	0.7732	0.8264	0.903
337.9901	0.7738	0.8273	0.9036
338.9901	0.774	0.8276	0.9042
339.99	0.7741	0.8275	0.9046
340.9899	0.7746	0.8276	0.9052
341.9899	0.775	0.8279	0.9055
342.9898	0.7751	0.828	0.9058
343.9897	0.7752	0.8276	0.906
344.9897	0.7752	0.8275	0.9059
345.9896	0.7755	0.8275	0.906
346.9896	0.7753	0.8272	0.9058
347.9895	0.7752	0.8266	0.9054
348.9894	0.7758	0.8267	0.9058
349.9893	0.7762	0.8276	0.9062
350.9893	0.7764	0.8284	0.9063
351.9892	0.7761	0.8284	0.9062
352.9891	0.7763	0.8292	0.9064
353.9891	0.7765	0.8295	0.9067
354.989	0.7766	0.8293	0.9068
355.989	0.7772	0.8296	0.9071
356.9889	0.7775	0.8304	0.9076
357.9888	0.7776	0.8311	0.9079
358.9887	0.7776	0.8309	0.9079
359.9886	0.778	0.8306	0.9083
360.9886	0.779	0.8315	0.909
361.9885	0.7794	0.8319	0.9094
362.9885	0.7801	0.8324	0.9102
363.9884	0.7805	0.8328	0.911
364.9883	0.7806	0.833	0.911
365.9883	0.7808	0.8335	0.9113
366.9882	0.7806	0.8335	0.9116
367.9881	0.7804	0.8336	0.9117
368.988	0.7806	0.834	0.912
369.988	0.7806	0.8336	0.9118
370.9879	0.7808	0.8335	0.9121
371.9879	0.7808	0.8333	0.9122
372.9878	0.7806	0.8336	0.9119
373.9877	0.7812	0.8339	0.9124
374.9877	0.7816	0.834	0.9125
375.9876	0.7822	0.834	0.9125
376.9875	0.7828	0.8338	0.9126
377.9875	0.7828	0.8337	0.9124
378.9874	0.7833	0.8342	0.9125
379.9873	0.7834	0.8342	0.9122
380.9872	0.7836	0.8347	0.9125
381.9872	0.7841	0.8347	0.9129
382.9871	0.7843	0.8349	0.9132
383.9871	0.7848	0.8355	0.9132
384.987	0.7846	0.8354	0.9131
385.9869	0.7844	0.8357	0.913
386.9868	0.7842	0.8356	0.9129
387.9868	0.7837	0.8356	0.9127
388.9867	0.784	0.836	0.9126
389.9866	0.7844	0.836	0.9124
390.9866	0.7847	0.8367	0.9127
391.9865	0.7848	0.8371	0.9129
392.9865	0.7847	0.8369	0.9134
393.9864	0.7852	0.838	0.9138
394.9863	0.7859	0.8388	0.9146
395.9862	0.7869	0.8393	0.9153
396.9862	0.7879	0.8399	0.9156
397.9861	0.7886	0.8404	0.916
398.986	0.7884	0.8409	0.9156
399.986	0.7885	0.8412	0.9156
400.9859	0.7887	0.8416	0.9159
401.9858	0.7892	0.842	0.916
402.9858	0.7898	0.8421	0.916
403.9857	0.7901	0.8418	0.9155
404.9856	0.7898	0.8418	0.9148
405.9856	0.7898	0.8415	0.9152
406.9855	0.7896	0.8415	0.9153
407.9854	0.7901	0.8416	0.9154
408.9854	0.7903	0.8416	0.9148
409.9853	0.7905	0.8414	0.9143
410.9852	0.7908	0.8413	0.9144
411.9852	0.7907	0.8414	0.9141
412.9851	0.7909	0.8417	0.9141
413.985	0.7917	0.8425	0.9144
414.985	0.7922	0.8427	0.9138
415.9849	0.7926	0.8429	0.9138
416.9848	0.7926	0.8431	0.9147
417.9847	0.7929	0.8435	0.9157
418.9847	0.7933	0.8441	0.9162
419.9846	0.7935	0.8444	0.9163
420.9846	0.7939	0.8445	0.9164
421.9845	0.7944	0.8452	0.9169
422.9844	0.7948	0.8455	0.9174
423.9843	0.7949	0.8463	0.9184
424.9843	0.7947	0.8465	0.9187
425.9842	0.7951	0.8463	0.9185
426.9841	0.7958	0.8464	0.9187
427.9841	0.7965	0.8463	0.9191
428.984	0.7972	0.8467	0.9195
429.9839	0.7974	0.8465	0.9195
430.9839	0.7977	0.8464	0.9193
431.9838	0.7979	0.8464	0.9191
432.9837	0.7978	0.8465	0.9184
433.9837	0.7982	0.8462	0.9183
434.9836	0.7987	0.8466	0.9184
435.9835	0.7988	0.8468	0.918
436.9835	0.7989	0.847	0.9177
437.9834	0.7986	0.8471	0.9173
438.9833	0.7986	0.8475	0.9175
439.9833	0.7986	0.8473	0.9181
440.9832	0.7987	0.8472	0.9186
441.9832	0.7998	0.8472	0.9192
442.9831	0.8009	0.848	0.9193
443.983	0.8012	0.8483	0.9194
444.9829	0.8013	0.8483	0.9196
445.9828	0.8017	0.8483	0.9197
446.9828	0.8024	0.8481	0.92
447.9827	0.8031	0.8481	0.9198
448.9827	0.8039	0.8482	0.9192
449.9826	0.804	0.8482	0.9187
450.9825	0.8036	0.8486	0.9184
451.9825	0.803	0.8487	0.9177
452.9824	0.8034	0.849	0.9174
453.9823	0.8037	0.8491	0.9169
454.9823	0.8035	0.8496	0.9169
455.9822	0.8034	0.85	0.9171
456.9821	0.8037	0.8503	0.9177
457.9821	0.8036	0.8505	0.9174
458.982	0.8039	0.8511	0.9174
459.9819	0.8046	0.851	0.9178
460.9818	0.8053	0.8507	0.9183
461.9818	0.8054	0.8507	0.9185
462.9817	0.8056	0.851	0.9188
463.9817	0.8063	0.8507	0.9189
464.9816	0.8067	0.8503	0.9183
465.9815	0.8066	0.85	0.9178
466.9814	0.8066	0.8499	0.9179
467.9814	0.8065	0.8496	0.9177
468.9813	0.8066	0.8496	0.9173
469.9812	0.8064	0.8497	0.9173
470.9812	0.8066	0.8495	0.9175
471.9811	0.8066	0.8494	0.9171
472.981	0.806	0.8491	0.9168
473.981	0.8063	0.8495	0.9174
474.9809	0.8069	0.85	0.9178
475.9808	0.8073	0.8501	0.918
476.9808	0.8079	0.8505	0.9185
477.9807	0.808	0.8506	0.9187
478.9806	0.8078	0.8503	0.9185
479.9806	0.8076	0.85	0.9182
480.9805	0.8075	0.8494	0.9181
481.9804	0.8073	0.8491	0.9176
482.9804	0.8068	0.8486	0.917
483.9803	0.8059	0.8477	0.9164
484.9802	0.8051	0.8472	0.9163
485.9802	0.8043	0.8461	0.9158
486.9801	0.8034	0.8447	0.9151
487.98	0.8033	0.8444	0.915
488.9799	0.8032	0.8443	0.9145
489.9799	0.8024	0.8437	0.9137
490.9798	0.8019	0.8432	0.9136
491.9798	0.8012	0.8428	0.9129
492.9797	0.8005	0.8422	0.912
493.9796	0.7997	0.8416	0.911
494.9796	0.7993	0.8416	0.9105
495.9795	0.7995	0.8418	0.9105
496.9794	0.7989	0.8412	0.91
497.9793	0.798	0.8405	0.9097
498.9793	0.7977	0.8403	0.9101
499.9792	0.7974	0.8398	0.9098
500.9792	0.797	0.8392	0.9095
501.9791	0.7965	0.8389	0.9097
502.979	0.796	0.8386	0.9101
503.9789	0.7949	0.8378	0.9098
504.9789	0.7938	0.8369	0.9091
505.9788	0.7927	0.8361	0.9085
506.9788	0.7915	0.8348	0.9082
507.9787	0.7901	0.8335	0.9072
508.9786	0.7888	0.8326	0.9068
509.9785	0.7876	0.8316	0.9064
510.9785	0.7868	0.8308	0.9063
511.9784	0.7854	0.8293	0.9054
512.9783	0.7846	0.8284	0.9054
513.9783	0.7835	0.8278	0.9055
514.9782	0.7824	0.8269	0.9055
515.9781	0.7815	0.826	0.9054
516.978	0.7804	0.825	0.9056
517.978	0.7793	0.8241	0.9051
518.9779	0.7781	0.823	0.9046
519.9779	0.7767	0.8214	0.9039
520.9778	0.7761	0.8206	0.9036
521.9777	0.7748	0.8193	0.9029
522.9777	0.7729	0.8177	0.9023
523.9776	0.7711	0.8161	0.9012
524.9775	0.7696	0.815	0.9004
525.9775	0.7681	0.8141	0.9
526.9774	0.7662	0.8124	0.8998
527.9773	0.7651	0.811	0.8997
528.9773	0.764	0.8103	0.8998
529.9772	0.7625	0.8091	0.9
530.9771	0.7608	0.8078	0.8995
531.9771	0.7599	0.8066	0.899
532.977	0.7591	0.806	0.8992
533.9769	0.7581	0.8049	0.899
534.9769	0.7571	0.8038	0.8987
535.9768	0.756	0.8034	0.8985
536.9767	0.754	0.8027	0.8982
537.9767	0.7523	0.8018	0.8981
538.9766	0.7511	0.8009	0.898
539.9766	0.7501	0.7999	0.898
540.9764	0.7488	0.7991	0.8983
541.9764	0.7473	0.7981	0.8983
542.9763	0.7456	0.7971	0.8984
543.9763	0.7438	0.796	0.8982
544.9762	0.7426	0.7948	0.8982
545.9761	0.7417	0.7939	0.8982
546.9761	0.7411	0.7929	0.898
547.976	0.7398	0.7924	0.8978
548.976	0.7383	0.7918	0.8978
549.9758	0.7373	0.7911	0.8976
550.9758	0.7361	0.7901	0.8973
551.9757	0.7351	0.7893	0.8973
552.9756	0.7342	0.7887	0.8975
553.9756	0.733	0.7879	0.8972
554.9755	0.7318	0.7868	0.8972
555.9755	0.73	0.786	0.897
556.9753	0.7286	0.7846	0.897
557.9753	0.7277	0.7838	0.897
558.9752	0.7264	0.7831	0.8975
559.9752	0.7251	0.7825	0.8981
560.9751	0.7239	0.7821	0.8987
561.975	0.7225	0.7815	0.8993
562.975	0.7217	0.7812	0.9002
563.9749	0.7208	0.7814	0.9012
564.9749	0.7197	0.7812	0.9013
565.9747	0.7189	0.7814	0.9024
566.9747	0.7171	0.781	0.9029
567.9746	0.7158	0.7806	0.9034
568.9745	0.7152	0.7803	0.904
569.9745	0.7144	0.7799	0.9047
570.9744	0.7135	0.7794	0.905
571.9744	0.712	0.7789	0.9052
572.9743	0.7107	0.7778	0.9049
573.9742	0.71	0.7774	0.9055
574.9741	0.7094	0.7767	0.9058
575.9741	0.7087	0.776	0.9062
576.974	0.7075	0.7754	0.9063
577.974	0.7064	0.7748	0.9063
578.9739	0.7058	0.7748	0.9068
579.9738	0.7054	0.7748	0.9074
580.9738	0.7051	0.7744	0.9076
581.9737	0.7048	0.7743	0.9085
582.9736	0.7041	0.7743	0.9093
583.9735	0.7027	0.774	0.9096
584.9735	0.7023	0.7742	0.9096
585.9734	0.7021	0.7746	0.9104
586.9734	0.7013	0.7752	0.9115
587.9733	0.7002	0.7748	0.9118
588.9732	0.6991	0.7744	0.9119
589.9731	0.6979	0.7743	0.9123
590.9731	0.6967	0.7741	0.9122
591.973	0.6959	0.7739	0.9119
592.9729	0.696	0.7742	0.9122
593.9729	0.6953	0.7744	0.9134
594.9728	0.6946	0.7741	0.9138
595.9728	0.6945	0.7738	0.9139
596.9727	0.6944	0.7745	0.9144
597.9726	0.6945	0.7753	0.9153
598.9725	0.6946	0.7764	0.9166
599.9725	0.6945	0.7772	0.9174
600.9724	0.6944	0.7775	0.9182
601.9724	0.694	0.7776	0.9187
602.9723	0.6938	0.7778	0.9187
603.9722	0.6937	0.7781	0.9189
604.9722	0.6935	0.7782	0.9195
605.972	0.6935	0.7776	0.9202
606.972	0.6931	0.7776	0.9206
607.9719	0.6931	0.7776	0.9211
608.9719	0.6929	0.778	0.9215
609.9718	0.6923	0.7783	0.9217
610.9717	0.6923	0.7789	0.9223
611.9717	0.6923	0.7795	0.9232
612.9716	0.692	0.7798	0.9234
613.9716	0.6919	0.7806	0.9235
614.9714	0.6914	0.7819	0.9234
615.9714	0.6911	0.7823	0.9238
616.9713	0.6905	0.7825	0.9239
617.9713	0.6903	0.7827	0.9243
618.9712	0.6904	0.7832	0.9247
619.9711	0.6898	0.7833	0.9247
620.9711	0.6896	0.7838	0.9253
621.9709	0.6896	0.7849	0.926
622.9709	0.6901	0.7864	0.9268
623.9708	0.6897	0.7871	0.9267
624.9708	0.6898	0.7879	0.9268
625.9707	0.69	0.7886	0.9271
626.9706	0.6907	0.7895	0.9286
627.9706	0.6909	0.7901	0.9297
628.9705	0.6916	0.7914	0.9316
629.9705	0.6921	0.7924	0.9323
630.9703	0.6924	0.7933	0.9332
631.9703	0.6925	0.7934	0.9343
632.9702	0.6926	0.7933	0.9351
633.9702	0.6921	0.7934	0.9353
634.9701	0.692	0.7942	0.9355
635.97	0.6915	0.7939	0.935
636.97	0.6915	0.7939	0.9349
637.9699	0.6921	0.7946	0.9349
638.9698	0.6927	0.7956	0.9353
639.9698	0.6934	0.7964	0.9356
640.9697	0.6942	0.7971	0.9356
641.9696	0.6951	0.7979	0.9367
642.9696	0.6969	0.7999	0.937
643.9695	0.698	0.8009	0.9373
644.9694	0.6988	0.8024	0.938
645.9694	0.6992	0.8043	0.939
646.9693	0.6998	0.8057	0.9398
647.9692	0.7006	0.8063	0.9401
648.9692	0.7012	0.8068	0.9407
649.9691	0.7012	0.8072	0.9413
650.969	0.7016	0.8081	0.9413
651.969	0.7014	0.8079	0.9423
652.9689	0.7013	0.8085	0.9434
653.9689	0.7013	0.8089	0.9437
654.9688	0.7014	0.8088	0.944
655.9687	0.7008	0.8085	0.9439
656.9686	0.6997	0.8081	0.9438
657.9686	0.6994	0.8075	0.9433
658.9685	0.6997	0.8076	0.9433
659.9684	0.6998	0.8081	0.9433
660.9684	0.7002	0.8085	0.943
661.9683	0.701	0.8091	0.943
662.9683	0.702	0.8098	0.9434
663.9681	0.7028	0.81	0.9431
664.9681	0.7037	0.8107	0.9432
665.968	0.7052	0.812	0.944
666.968	0.7062	0.814	0.9452
667.9679	0.7072	0.815	0.9455
668.9678	0.7078	0.8156	0.9455
669.9678	0.7086	0.8166	0.9458
670.9677	0.7096	0.8175	0.9459
671.9677	0.7105	0.8185	0.9465
672.9675	0.7111	0.8195	0.9471
673.9675	0.712	0.8205	0.9474
674.9674	0.7124	0.8212	0.9472
675.9673	0.7134	0.821	0.9465
676.9673	0.714	0.822	0.9466
677.9672	0.7152	0.8229	0.9475
678.9672	0.7159	0.8234	0.9477
679.967	0.7168	0.8243	0.9481
680.967	0.7172	0.8252	0.948
681.9669	0.7186	0.8268	0.9483
682.9669	0.7201	0.8283	0.9493
683.9668	0.7214	0.8294	0.9497
684.9667	0.7221	0.8308	0.9505
685.9667	0.7233	0.8318	0.9512
686.9666	0.7245	0.8331	0.9515
687.9666	0.7257	0.8343	0.9523
688.9664	0.7266	0.8354	0.9532
689.9664	0.7274	0.8358	0.9536
690.9663	0.7277	0.8358	0.954
691.9663	0.728	0.8359	0.9541
692.9662	0.7286	0.8367	0.9553
693.9661	0.7291	0.8378	0.9563
694.9661	0.7294	0.8383	0.9564
695.966	0.7299	0.8387	0.9569
696.9659	0.7305	0.8396	0.9575
697.9658	0.731	0.84	0.9577
698.9658	0.7318	0.8408	0.9582
699.9657	0.7329	0.8417	0.9585
700.9657	0.7335	0.8422	0.9588
701.9656	0.7343	0.8429	0.959
702.9655	0.735	0.8435	0.9588
703.9655	0.7356	0.844	0.9587
704.9654	0.7365	0.845	0.9589
705.9653	0.7377	0.8453	0.9588
706.9653	0.7385	0.8462	0.9592
707.9652	0.7392	0.8468	0.9592
708.9651	0.7402	0.8477	0.96
709.965	0.7416	0.849	0.9607
710.965	0.7424	0.8497	0.9602
711.9649	0.7429	0.8499	0.9602
712.9648	0.744	0.8509	0.9611
713.9648	0.7452	0.8514	0.9613
714.9647	0.7459	0.8518	0.9611
715.9647	0.7465	0.8522	0.9612
716.9646	0.7468	0.8527	0.9616
717.9645	0.7476	0.8533	0.9615
718.9644	0.7481	0.8539	0.9614
719.9644	0.7492	0.8544	0.962
720.9643	0.7502	0.8554	0.9624
721.9642	0.7512	0.8558	0.9624
722.9642	0.7514	0.8561	0.9619
723.9641	0.7518	0.857	0.9623
724.9641	0.7528	0.8578	0.962
725.964	0.754	0.8585	0.9614
726.9639	0.7545	0.8589	0.961
727.9638	0.7551	0.8594	0.9608
728.9637	0.7557	0.8601	0.9608
729.9637	0.7567	0.8608	0.9608
730.9636	0.7575	0.8615	0.9603
731.9636	0.7585	0.8623	0.9604
732.9635	0.7592	0.8627	0.9604
733.9634	0.7599	0.8626	0.9606
734.9634	0.7607	0.8628	0.961
735.9633	0.7617	0.8633	0.9617
736.9633	0.7625	0.8638	0.9619
737.9631	0.7633	0.8642	0.9616
738.9631	0.764	0.8647	0.962
739.963	0.7645	0.8656	0.9624
740.963	0.7651	0.8663	0.9628
741.9629	0.7659	0.8671	0.963
742.9628	0.7667	0.8688	0.9637
743.9628	0.7675	0.8701	0.9638
744.9627	0.7685	0.8706	0.9638
745.9626	0.7693	0.8712	0.964
746.9625	0.7702	0.8721	0.9646
747.9625	0.7711	0.8726	0.9648
748.9624	0.7724	0.8727	0.9654
749.9623	0.773	0.8725	0.9656
750.9623	0.7737	0.8728	0.9662
751.9622	0.7749	0.8729	0.9663
752.9622	0.7757	0.8733	0.9665
753.9621	0.7763	0.8736	0.9663
754.962	0.7773	0.874	0.9664
755.962	0.7778	0.8741	0.9664
756.9619	0.7779	0.8741	0.9657
757.9618	0.7776	0.8741	0.9656
758.9617	0.7785	0.8755	0.9662
759.9617	0.7794	0.8764	0.9661
760.9616	0.78	0.8767	0.9663
761.9615	0.7808	0.8769	0.9668
762.9615	0.7813	0.8777	0.9673
763.9614	0.7815	0.878	0.9672
764.9614	0.7816	0.878	0.9669
765.9612	0.7826	0.8789	0.9676
766.9612	0.7842	0.8799	0.968
767.9611	0.7852	0.8803	0.968
768.9611	0.786	0.8806	0.9682
769.961	0.7865	0.881	0.9683
770.9609	0.7872	0.8819	0.9686
771.9609	0.7885	0.8829	0.9692
772.9608	0.7896	0.8838	0.9695
773.9608	0.7907	0.8847	0.97
774.9607	0.792	0.8854	0.9703
775.9606	0.7923	0.8856	0.9701
776.9605	0.7927	0.8858	0.9702
777.9604	0.7935	0.8866	0.9703
778.9604	0.7938	0.8871	0.9701
779.9603	0.7942	0.8875	0.9699
780.9603	0.7949	0.8877	0.9698
781.9602	0.7957	0.8879	0.97
782.9601	0.7965	0.8884	0.9701
783.9601	0.7969	0.8889	0.9704
784.96	0.7977	0.8899	0.9708
785.9599	0.7983	0.8904	0.9714
786.9598	0.7989	0.8908	0.9716
787.9598	0.7999	0.8914	0.972
788.9597	0.7999	0.8909	0.972
789.9597	0.8	0.8913	0.9723
790.9596	0.8004	0.8915	0.9725
791.9595	0.801	0.8922	0.9731
792.9595	0.8011	0.8928	0.9731
793.9594	0.802	0.8929	0.9732
794.9593	0.8027	0.8933	0.9728
795.9592	0.8037	0.8935	0.9725
796.9592	0.8044	0.8942	0.9725
797.9591	0.8057	0.8954	0.9727
798.959	0.806	0.8953	0.9727
799.959	0.8063	0.896	0.9727
800.9589	0.8066	0.8959	0.9724
801.9589	0.8074	0.8961	0.9725
802.9588	0.8078	0.8962	0.9728
803.9587	0.8084	0.8965	0.9729
804.9586	0.8085	0.8969	0.9733
805.9586	0.8087	0.8971	0.9735
806.9585	0.8093	0.8974	0.9737
807.9584	0.8102	0.8979	0.9738
808.9584	0.8114	0.8985	0.9741
809.9583	0.8122	0.899	0.9742
810.9583	0.813	0.899	0.9742
811.9582	0.8132	0.8992	0.9743
812.9581	0.8132	0.8996	0.9747
813.958	0.8137	0.8999	0.975
814.9579	0.8144	0.8999	0.9752
815.9579	0.8148	0.9001	0.9756
816.9578	0.8151	0.9002	0.976
817.9578	0.8158	0.9003	0.9759
818.9577	0.816	0.9008	0.9761
819.9576	0.8167	0.9017	0.9763
820.9576	0.8173	0.9019	0.9762
821.9575	0.8182	0.9022	0.9759
822.9574	0.8189	0.9022	0.9756
823.9573	0.8191	0.9025	0.9751
824.9573	0.8198	0.9029	0.975
825.9572	0.8203	0.9037	0.9751
826.9572	0.8205	0.9045	0.9753
827.9571	0.8214	0.9045	0.9754
828.957	0.8217	0.905	0.9755
829.957	0.8222	0.9058	0.9757
830.9569	0.8224	0.906	0.9757
831.9568	0.8225	0.9065	0.976
832.9567	0.8225	0.9067	0.9764
833.9567	0.8223	0.9068	0.9765
834.9566	0.823	0.9068	0.9769
835.9565	0.8238	0.9066	0.9772
836.9565	0.824	0.907	0.977
837.9564	0.8245	0.9069	0.977
838.9564	0.8253	0.9071	0.9772
839.9563	0.8262	0.9079	0.9775
840.9562	0.8267	0.9083	0.9776
841.9561	0.8276	0.9086	0.9774
842.9561	0.8285	0.9092	0.9774
843.956	0.8291	0.9096	0.9769
844.9559	0.8295	0.91	0.9767
845.9559	0.8302	0.9107	0.9772
846.9558	0.8305	0.9113	0.9774
847.9557	0.8307	0.9116	0.9773
848.9557	0.8312	0.9116	0.9771
849.9556	0.8319	0.912	0.977
850.9555	0.8325	0.9123	0.9771
851.9554	0.8329	0.9127	0.977
852.9554	0.8328	0.9127	0.9769
853.9553	0.8326	0.9125	0.9764
854.9553	0.8325	0.9123	0.9759
855.9552	0.8329	0.9119	0.9758
856.9551	0.8329	0.9114	0.9755
857.9551	0.8335	0.9118	0.9756
858.955	0.8341	0.9118	0.9759
859.955	0.835	0.9121	0.9763
860.9548	0.8359	0.9124	0.9768
861.9548	0.8367	0.9129	0.977
862.9547	0.8375	0.9136	0.9778
863.9547	0.838	0.914	0.9782
864.9546	0.8384	0.9146	0.9784
865.9545	0.8393	0.9151	0.9788
866.9545	0.8391	0.9153	0.9785
867.9544	0.8394	0.9159	0.9784
868.9543	0.8394	0.9159	0.9787
869.9542	0.8392	0.9161	0.9785
870.9542	0.8397	0.9161	0.9785
871.9541	0.8406	0.9165	0.9784
872.954	0.8416	0.9171	0.9784
873.954	0.8421	0.9169	0.9782
874.9539	0.8424	0.9174	0.9782
875.9539	0.8431	0.9175	0.9789
876.9538	0.8433	0.9175	0.9792
877.9537	0.8436	0.918	0.9792
878.9537	0.8438	0.918	0.9788
879.9536	0.844	0.9182	0.9788
880.9535	0.8439	0.9181	0.9787
881.9534	0.8446	0.9181	0.9792
882.9534	0.8452	0.9189	0.9797
883.9533	0.846	0.9199	0.98
884.9532	0.8465	0.9204	0.9802
885.9532	0.8468	0.9204	0.98
886.9531	0.8467	0.9201	0.9794
887.9531	0.847	0.9202	0.9796
888.9529	0.8472	0.9199	0.9795
889.9529	0.8472	0.9197	0.9793
890.9528	0.8469	0.9195	0.9788
891.9528	0.8469	0.919	0.9781
892.9527	0.8466	0.9184	0.9776
893.9526	0.8463	0.9178	0.977
894.9526	0.847	0.9183	0.9775
895.9525	0.8478	0.9188	0.9779
896.9525	0.8485	0.9194	0.9782
897.9524	0.8494	0.9201	0.9787
898.9523	0.8502	0.9209	0.9794
899.9522	0.8509	0.9212	0.98
900.9521	0.8512	0.9215	0.9807
901.9521	0.8518	0.9218	0.9807
902.952	0.8529	0.9227	0.9808
903.952	0.8533	0.9223	0.9804
904.9519	0.8537	0.9229	0.9806
905.9518	0.8539	0.923	0.9806
906.9518	0.8539	0.9232	0.9806
907.9517	0.8541	0.9232	0.9804
908.9516	0.8542	0.9234	0.98
909.9515	0.8545	0.9232	0.9796
910.9515	0.8551	0.9242	0.9804
911.9514	0.8552	0.924	0.9802
912.9514	0.8554	0.9249	0.9803
913.9513	0.8558	0.925	0.9802
914.9512	0.8561	0.925	0.9804
915.9512	0.8564	0.9252	0.9803
916.9511	0.857	0.9255	0.9804
917.951	0.8574	0.9259	0.9805
918.9509	0.858	0.9266	0.9809
919.9509	0.8582	0.9261	0.9803
920.9508	0.8584	0.9264	0.9806
921.9507	0.8585	0.9265	0.9805
922.9507	0.8585	0.9264	0.9804
923.9506	0.8587	0.9268	0.9803
924.9506	0.859	0.9275	0.9804
925.9505	0.8592	0.9279	0.9803
926.9504	0.8592	0.9281	0.9801
927.9503	0.8588	0.928	0.9796
928.9503	0.859	0.9288	0.9802
929.9502	0.8591	0.9292	0.9803
930.9501	0.8591	0.9289	0.9798
931.9501	0.8592	0.9287	0.9798
932.95	0.86	0.9291	0.9799
933.95	0.8602	0.9291	0.9799
934.9499	0.8603	0.9291	0.9803
935.9498	0.8611	0.9297	0.9806
936.9497	0.8621	0.9303	0.9813
937.9496	0.8629	0.9305	0.9814
938.9496	0.8636	0.9307	0.982
939.9495	0.8646	0.9316	0.9826
940.9495	0.8655	0.9327	0.9832
941.9494	0.8657	0.9325	0.9835
942.9493	0.8663	0.9325	0.9835
943.9493	0.8665	0.9323	0.9833
944.9492	0.8667	0.9325	0.9834
945.9491	0.8668	0.932	0.9831
946.949	0.8668	0.9313	0.9831
947.949	0.8671	0.9312	0.9827
948.9489	0.8677	0.9314	0.9828
949.9489	0.8679	0.9315	0.9822
950.9488	0.8682	0.9318	0.9819
951.9487	0.8687	0.9317	0.982
952.9487	0.8696	0.9322	0.9821
953.9486	0.8701	0.9322	0.9821
954.9485	0.8705	0.933	0.9823
955.9484	0.8708	0.9336	0.982
956.9484	0.8712	0.9339	0.9826
957.9483	0.8712	0.9342	0.9829
958.9482	0.8717	0.9345	0.9833
959.9482	0.8721	0.9348	0.9834
960.9481	0.8725	0.9358	0.984
961.9481	0.8723	0.9365	0.9846
962.948	0.8717	0.9366	0.9845
963.9479	0.8717	0.9365	0.9846
964.9478	0.8717	0.9364	0.9846
965.9478	0.8714	0.9363	0.9841
966.9477	0.8712	0.9361	0.9836
967.9476	0.871	0.9363	0.9833
968.9476	0.8711	0.9365	0.9831
969.9475	0.8712	0.936	0.9829
970.9474	0.8715	0.9355	0.9825
971.9474	0.8721	0.9358	0.9828
972.9473	0.8724	0.9359	0.9824
973.9473	0.873	0.9366	0.9825
974.9471	0.8735	0.9364	0.9825
975.9471	0.874	0.9366	0.9829
976.947	0.8746	0.9363	0.9832
977.947	0.8751	0.9364	0.9836
978.9469	0.8755	0.9368	0.9837
979.9468	0.8759	0.9371	0.983
980.9468	0.8766	0.9372	0.9828
981.9467	0.8769	0.9376	0.9826
982.9467	0.8775	0.9378	0.9832
983.9465	0.8777	0.9384	0.9835
984.9465	0.8781	0.9386	0.9834
985.9464	0.8779	0.9387	0.983
986.9464	0.8774	0.9389	0.9826
987.9463	0.8771	0.9387	0.9821
988.9462	0.8769	0.9388	0.9823
989.9462	0.8764	0.9392	0.9822
990.9461	0.8767	0.9391	0.9822
991.946	0.8763	0.9385	0.9811
992.946	0.8763	0.9381	0.9806
993.9459	0.8764	0.9375	0.9805
994.9458	0.8773	0.9377	0.9809
995.9457	0.8781	0.9374	0.9811
996.9457	0.8786	0.9378	0.981
997.9456	0.8791	0.9381	0.9815
998.9456	0.8791	0.9376	0.9816
999.9455	0.8797	0.9384	0.9826
1000.945	0.8802	0.9389	0.9833
1001.945	0.8808	0.9395	0.9834
1002.945	0.881	0.9402	0.9835
1003.945	0.881	0.9402	0.9835
1004.945	0.8807	0.9404	0.9839
1005.945	0.8813	0.9403	0.9846
1006.945	0.8826	0.9405	0.9853
1007.945	0.8833	0.941	0.9856
1008.945	0.8835	0.9403	0.9858
1009.945	0.8836	0.9404	0.9863
1010.945	0.8843	0.9403	0.9865
1011.945	0.8846	0.94	0.9868
1012.945	0.8845	0.9402	0.9873
1013.945	0.8845	0.9404	0.9875
1014.944	0.8841	0.9406	0.9876
1015.944	0.8828	0.94	0.9864
1016.944	0.8827	0.9395	0.986
1017.944	0.8826	0.94	0.9856
1018.944	0.8822	0.9398	0.9852
1019.944	0.8828	0.9403	0.985
1020.944	0.8836	0.9408	0.9856
1021.944	0.8842	0.9405	0.9846
1022.944	0.8853	0.9403	0.9839
1023.944	0.8856	0.9404	0.9835
1024.944	0.8865	0.9408	0.984
1025.944	0.8876	0.9427	0.9854
1026.944	0.8885	0.944	0.9862
1027.944	0.8897	0.944	0.9858
1028.944	0.8886	0.9439	0.9855
1029.943	0.8882	0.9446	0.9842
1030.943	0.888	0.9448	0.9842
1031.943	0.8875	0.9452	0.9844
1032.943	0.8879	0.9445	0.9836
1033.943	0.8878	0.9436	0.9827
1034.943	0.887	0.9411	0.9805
1035.943	0.8876	0.939	0.9794
1036.943	0.8881	0.9395	0.9805
1037.943	0.8894	0.9396	0.9815
1038.943	0.8892	0.9382	0.9812
1039.943	0.8894	0.9382	0.9823
1040.943	0.8898	0.9375	0.9826
1041.943	0.8898	0.9383	0.9838
1042.943	0.8897	0.9393	0.985
1043.943	0.8893	0.9391	0.9854
1044.942	0.8884	0.9393	0.9848
1045.942	0.8874	0.9387	0.9836
1046.942	0.8869	0.9382	0.9838
1047.942	0.8872	0.9385	0.9855
1048.942	0.8879	0.9396	0.9856
1049.942	0.8878	0.94	0.9848
1050.942	0.8879	0.9396	0.9835
1051.942	0.8888	0.9387	0.9833
1052.942	0.8901	0.9405	0.9843
1053.942	0.8908	0.9414	0.9852
1054.942	0.8899	0.9404	0.9848
1055.942	0.8897	0.9406	0.9842
1056.942	0.8877	0.9397	0.9811
1057.942	0.8883	0.9409	0.9822
1058.942	0.8927	0.9424	0.9837
1059.941	0.8921	0.9422	0.9829
1060.941	0.8928	0.9449	0.9839
1061.941	0.8918	0.9443	0.9819
1062.941	0.8917	0.9452	0.9825
1063.941	0.8944	0.9474	0.984
1064.941	0.8952	0.9479	0.984
1065.941	0.8978	0.9502	0.9865
1066.941	0.8962	0.9481	0.9839
1067.941	0.8923	0.947	0.9819
1068.941	0.8934	0.9472	0.9827
1069.941	0.8944	0.9461	0.9827
1070.941	0.8959	0.9454	0.9837
1071.941	0.895	0.9425	0.9813
1072.941	0.8931	0.9403	0.9785
1073.94	0.8921	0.9386	0.9784
1074.94	0.8909	0.9368	0.9781
1075.94	0.8904	0.9363	0.979
1076.94	0.8884	0.934	0.9796
1077.94	0.8864	0.9321	0.9788
1078.94	0.883	0.9305	0.976
1079.94	0.8807	0.932	0.9767
1080.94	0.8811	0.934	0.9784
1081.94	0.8815	0.9349	0.9801
1082.94	0.8824	0.9347	0.9797
1083.94	0.8831	0.9335	0.9773
1084.94	0.8848	0.9345	0.9772
1085.94	0.8856	0.9353	0.9764
1086.94	0.8858	0.935	0.976
1087.94	0.8862	0.9346	0.9759
1088.939	0.8868	0.9334	0.9759
1089.939	0.8861	0.9317	0.9755
1090.939	0.8832	0.9304	0.9729
1091.939	0.8823	0.931	0.9727
1092.939	0.8805	0.9309	0.9749
1093.939	0.8779	0.9277	0.9733
1094.939	0.8788	0.9282	0.9751
1095.939	0.8784	0.9277	0.9749
1096.939	0.8769	0.9249	0.9749
1097.939	0.8804	0.9239	0.9772
1098.939	0.882	0.9207	0.9738
1099.939	0.8871	0.922	0.9756
