# C_CrxOy	e_real	e_imag	R	alpha	1/alpha
#				nm-1	nm
0	-0.67212229999999	24.8657476	0.576185	0.0437741	22.8445587687697
0.001	-0.57708538927185	24.829720646491	0.575298	0.0436596	22.9044700363723
0.002	-0.48256643954442	24.793046883276	0.574411	0.043545	22.964749110116
0.003	-0.38857098742094	24.75573478281	0.573525	0.0434304	23.0253463012084
0.004	-0.29510441034523	24.717792859583	0.57264	0.0433156	23.0863707301757
0.005	-0.20217192682286	24.679229666783	0.571756	0.0432008	23.1477194866762
0.006	-0.10977859671781	24.640053792993	0.570873	0.043086	23.2093951631621
0.007	-0.017929321622389	24.600273858921	0.56999	0.042971	23.2715086919085
0.008	0.073371154700909	24.559898514161	0.569108	0.042856	23.3339555721486
0.009	0.16411824580701	24.518936433995	0.568226	0.042741	23.3967384946538
0.01	0.25430752198712	24.477396316232	0.567346	0.042626	23.4598601792333
0.011	0.34393470962061	24.435286878081	0.566466	0.0425109	23.5233787099309
0.012	0.43299569046135	24.392616853072	0.565587	0.0423957	23.5872977684058
0.013	0.52148650086066	24.349394988017	0.564709	0.0422806	23.6515092028022
0.014	0.60940333092781	24.305630040006	0.563832	0.0421655	23.7160711956457
0.015	0.69674252363068	24.261330773462	0.562955	0.0420503	23.7810431792401
0.016	0.78350057383794	24.216505957228	0.56208	0.0419352	23.8463152673649
0.017	0.86967412730441	24.171164361712	0.561205	0.0418201	23.9119466476646
0.018	0.95525997960169	24.125314756066	0.560331	0.041705	23.9779402949287
0.019	1.0402550749955	24.078965905429	0.559458	0.0415899	24.0442992168772
0.02	1.1246565052722	24.032126568208	0.558586	0.0414749	24.1109683205987
0.021	1.2084615085152	23.984805493414	0.557715	0.0413599	24.1780081673312
0.022	1.2916674678341	23.937011418048	0.556844	0.0412449	24.2454218582176
0.023	1.374271910048	23.888753064538	0.555975	0.04113	24.3131534159981
0.024	1.4562725043248	23.84003913823	0.555106	0.0410152	24.3812050166767
0.025	1.5376670607779	23.790878324929	0.554239	0.0409004	24.449638634341
0.026	1.6184535290228	23.741279288497	0.553372	0.0407857	24.5183973794737
0.027	1.698629996695	23.691250668502	0.552506	0.0406711	24.5874834956517
0.028	1.7781946879309	23.640801077921	0.551642	0.0405565	24.6569600433963
0.029	1.8571459618138	23.589939100899	0.550778	0.0404421	24.726708059176
0.03	1.9354823107861	23.538673290564	0.549915	0.0403277	24.7968517916965
0.031	2.0132023590306	23.48701216689	0.549054	0.0402134	24.8673327796207
0.032	2.0903048608214	23.434964214626	0.548193	0.0400993	24.9380911886242
0.033	2.1667886988466	23.38253788127	0.547333	0.0399852	25.0092534237668
0.034	2.2426528825049	23.329741575107	0.546474	0.0398713	25.0806971430578
0.035	2.3178965461768	23.276583663294	0.545617	0.0397575	25.1524869521474
0.036	2.3925189474735	23.223072470005	0.54476	0.0396438	25.2246252881913
0.037	2.466519465463	23.169216274635	0.543905	0.0395303	25.2970506168686
0.038	2.5398975988778	23.115023310049	0.54305	0.0394169	25.3698286775469
0.039	2.6126529643025	23.060501760894	0.542196	0.0393036	25.4429619678604
0.04	2.6847852943462	23.005659761965	0.541344	0.0391905	25.5163879001289
0.041	2.7562944357984	22.950505396622	0.540493	0.0390775	25.5901733734246
0.042	2.8271803477717	22.895046695264	0.539642	0.0389647	25.6642550821641
0.043	2.8974430998322	22.839291633855	0.538793	0.0388521	25.7386344624872
0.044	2.9670828701185	22.783248132506	0.537945	0.0387396	25.8133795909096
0.045	3.0360999434515	22.726924054109	0.537098	0.0386273	25.8884260613607
0.046	3.1044947094363	22.670327203023	0.536252	0.0385152	25.9637753406447
0.047	3.1722676605573	22.61346532381	0.535408	0.0384033	26.0394289032453
0.048	3.2394193902672	22.556346100033	0.534564	0.0382915	26.1154564328898
0.049	3.3059505910726	22.498977153089	0.533722	0.03818	26.1917234154007
0.05	3.3718620526167	22.44136604111	0.53288	0.0380686	26.2683681564334
0.051	3.4371546597593	22.383520257898	0.53204	0.0379574	26.3453239684488
0.052	3.5018293906578	22.325447231926	0.531201	0.0378465	26.4225225582286
0.053	3.5658873148476	22.26715432537	0.530363	0.0377357	26.5001046754135
0.054	3.6293295913248	22.208648833209	0.529526	0.0376252	26.5779318116581
0.055	3.692157466632	22.149937982354	0.528691	0.0375148	26.656146374231
0.056	3.7543722729477	22.091028930838	0.527857	0.0374047	26.7346082176839
0.057	3.8159754261804	22.031928767045	0.527023	0.0372949	26.8133176386047
0.058	3.8769684240692	21.972644508986	0.526191	0.0371852	26.8924195647731
0.059	3.9373528442913	21.913183103622	0.52536	0.0370758	26.9717713441113
0.06	3.9971303425767	21.853551426228	0.524531	0.0369666	27.0514464408412
0.061	4.0563026508321	21.793756279805	0.523702	0.0368576	27.1314464316722
0.062	4.1148715752745	21.733804394529	0.522875	0.0367489	27.2116988535711
0.063	4.1728389945748	21.673702427245	0.522049	0.0366404	27.2922784685757
0.064	4.2302068580129	21.613456961002	0.521225	0.0365322	27.373111939604
0.065	4.2869771836448	21.553074504632	0.520401	0.0364243	27.4541995316314
0.066	4.3431520564819	21.492561492357	0.519579	0.0363165	27.5356931422356
0.067	4.3987336266847	21.43192428345	0.518758	0.0362091	27.6173669050045
0.068	4.4537241077695	21.37116916192	0.517938	0.0361019	27.6993731631853
0.069	4.5081257748303	21.310302336246	0.517119	0.0359949	27.7817135205265
0.07	4.5619409627765	21.249329939137	0.516302	0.0358883	27.8642343047734
0.071	4.6151720645853	21.188258027336	0.515486	0.0357819	27.9470905681364
0.072	4.6678215295721	21.127092581452	0.514671	0.0356757	28.0302839187458
0.073	4.7198918616764	21.06583950583	0.513857	0.0355699	28.1136578961425
0.074	4.7713856177661	21.004504628451	0.513045	0.0354643	28.1973703132446
0.075	4.8223054059595	20.94309370087	0.512234	0.035359	28.2813427981561
0.076	4.872653883966	20.881612398175	0.511424	0.035254	28.3655755375277
0.077	4.9224337574446	20.820066318989	0.510616	0.0351492	28.4501496477872
0.078	4.971647778383	20.758460985489	0.509808	0.0350448	28.5349038944437
0.079	5.0202987434948	20.696801843466	0.509002	0.0349406	28.62000080136
0.08	5.0683894926379	20.635094262406	0.508198	0.0348367	28.7053595776868
0.081	5.1159229072524	20.573343535596	0.507394	0.0347331	28.7909803616723
0.082	5.1629019088187	20.511554880266	0.506592	0.0346298	28.8768632796031
0.083	5.2093294573371	20.449733437747	0.505791	0.0345269	28.9629245602704
0.084	5.2552085498279	20.387884273659	0.504992	0.0344242	29.0493315748805
0.085	5.3005422188526	20.326012378122	0.504194	0.0343218	29.1360010255872
0.086	5.3453335310574	20.264122665992	0.503397	0.0342197	29.2229329888924
0.087	5.3895855857366	20.202219977115	0.502601	0.0341179	29.3101275283649
0.088	5.4333015134197	20.140309076609	0.501807	0.0340164	29.3975846944415
0.089	5.4764844744789	20.078394655161	0.501014	0.0339152	29.4853045242251
0.09	5.519137657759	20.016481329351	0.500222	0.0338144	29.5731995836093
0.091	5.5612642792301	19.95457364199	0.499432	0.0337138	29.6614442750446
0.092	5.6028675806611	19.892676062477	0.498643	0.0336136	29.7498631506295
0.093	5.6439508283168	19.830792987181	0.497855	0.0335136	29.8386326744963
0.094	5.6845173116765	19.768928739832	0.497069	0.033414	29.9275752678518
0.095	5.7245703421747	19.707087571934	0.496284	0.0333147	30.0167793796732
0.096	5.764113251965	19.645273663193	0.4955	0.0332157	30.1062449383876
0.097	5.8031493927056	19.583491121958	0.494717	0.0331171	30.1958806779579
0.098	5.8416821343671	19.521743985683	0.493936	0.0330187	30.2858683109874
0.099	5.8797148640631	19.460036221396	0.493156	0.0329207	30.3760248111371
0.1	5.9172509849024	19.398371726186	0.492378	0.032823	30.4664412150017
0.101	5.9542939148638	19.336754327702	0.491601	0.0327256	30.5571173637764
0.102	5.9908470856925	19.275187784662	0.490825	0.0326286	30.6479591524
0.103	6.0269139418193	19.213675787381	0.490051	0.0325318	30.7391536896206
0.104	6.0624979393008	19.152221958299	0.489278	0.0324354	30.8305123414541
0.105	6.0976025447822	19.090829852527	0.488506	0.0323394	30.922033185526
0.106	6.1322312344811	19.029502958405	0.487735	0.0322436	31.0139066357355
0.107	6.1663874931931	18.968244698062	0.486966	0.0321482	31.1059406125382
0.108	6.2000748133194	18.90705842799	0.486199	0.0320531	31.1982304363696
0.109	6.2332966939146	18.845947439626	0.485432	0.0319583	31.2907757922042
0.11	6.2660566397565	18.784914959939	0.484667	0.0318639	31.3834778542489
0.111	6.2983581604364	18.723964152031	0.483903	0.0317698	31.476433594168
0.112	6.3302047694705	18.663098115733	0.483141	0.031676	31.5696426316454
0.113	6.3615999834315	18.602319888222	0.48238	0.0315826	31.6630043125012
0.114	6.3925473211009	18.541632444633	0.48162	0.0314895	31.7566172851268
0.115	6.4230503026419	18.481038698678	0.480862	0.0313967	31.850481101517
0.116	6.4531124487911	18.420541503276	0.480105	0.0313042	31.9445952939222
0.117	6.4827372800717	18.360143651184	0.479349	0.0312121	32.0388567254366
0.118	6.5119283160249	18.299847875626	0.478595	0.0311204	32.1332630685981
0.119	6.5406890744615	18.239656850939	0.477842	0.0310289	32.2280196848744
0.12	6.5690230707322	18.179573193207	0.477091	0.0309378	32.3229188888673
0.121	6.5969338170177	18.119599460914	0.47634	0.030847	32.4180633448958
0.122	6.6244248216361	18.059738155586	0.475591	0.0307566	32.5133467288322
0.123	6.6514995883703	17.99999172244	0.474844	0.0306665	32.6088728743091
0.124	6.6781616158129	17.940362551039	0.474098	0.0305767	32.7046411156207
0.125	6.7044143967287	17.880852975944	0.473353	0.0304873	32.800543176995
0.126	6.7302614174365	17.821465277365	0.472609	0.0303982	32.8966846721187
0.127	6.7557061572064	17.762201681821	0.471867	0.0303094	32.9930648577669
0.128	6.7807520876761	17.70306436279	0.471126	0.030221	33.0895734753979
0.129	6.8054026722836	17.64405544137	0.470387	0.0301329	33.1863179448377
0.13	6.8296613657165	17.58517698693	0.469649	0.0300451	33.2832974428443
0.131	6.853531613378	17.526431017769	0.468912	0.0299577	33.380399696906
0.132	6.8770168508694	17.467819501768	0.468177	0.0298706	33.4777339591438
0.133	6.9001205034887	17.409344357046	0.467443	0.0297838	33.5752993237935
0.134	6.9228459857441	17.351007452611	0.46671	0.0296974	33.6729814731256
0.135	6.9451967008848	17.292810609011	0.465979	0.0296113	33.7708915177652
0.136	6.9671760404448	17.234755598986	0.465249	0.0295256	33.868913756198
0.137	6.9887873838039	17.176844148113	0.46452	0.0294402	33.9671605491811
0.138	7.0100340977619	17.119077935453	0.463793	0.0293551	34.0656308443848
0.139	7.0309195361282	17.061458594195	0.463067	0.0292703	34.1643235634756
0.14	7.0514470393255	17.003987712295	0.462342	0.0291859	34.2631202053046
0.141	7.0716199340068	16.946666833116	0.461619	0.0291018	34.3621356754565
0.142	7.0914415326876	16.889497456065	0.460897	0.029018	34.461368805569
0.143	7.11091513339	16.832481037218	0.460176	0.0289346	34.5606989555757
0.144	7.1300440193012	16.77561898996	0.459457	0.0288515	34.6602429683032
0.145	7.1488314584446	16.718912685601	0.458739	0.0287687	34.75999958288
0.146	7.1672807033634	16.662363454003	0.458022	0.0286863	34.8598459892004
0.147	7.1853949908174	16.605972584198	0.457307	0.0286042	34.9599009935604
0.148	7.2031775414911	16.549741325003	0.456593	0.0285224	35.06016324012
0.149	7.2206315597149	16.493670885629	0.45588	0.028441	35.1605077177314
0.15	7.2377602331971	16.437762436287	0.455169	0.0283598	35.2611795569785
0.151	7.254566732768	16.382017108794	0.454459	0.028279	35.3619293468652
0.152	7.2710542121354	16.326435997169	0.453751	0.0281986	35.4627534700304
0.153	7.2872258076504	16.271020158224	0.453043	0.0281184	35.563901217708
0.154	7.3030846380851	16.215770612158	0.452337	0.0280386	35.6651188005107
0.155	7.3186338044201	16.160688343138	0.451633	0.0279591	35.7665303961859
0.156	7.3338763896425	16.10577429988	0.450929	0.0278799	35.8681343907259
0.157	7.3488154585544	16.051029396222	0.450227	0.0278011	35.9697997561248
0.158	7.3634540575908	15.996454511697	0.449527	0.0277226	36.0716527309848
0.159	7.3777952146476	15.942050492094	0.448827	0.0276443	36.1738224516446
0.16	7.3918419389191	15.887818150023	0.448129	0.0275665	36.275914606497
0.161	7.4055972207441	15.833758265466	0.447433	0.0274889	36.3783199764269
0.162	7.4190640314621	15.779871586326	0.446737	0.0274117	36.4807728086912
0.163	7.4322453232773	15.726158828975	0.446043	0.0273347	36.5835366768247
0.164	7.4451440291319	15.672620678789	0.44535	0.0272581	36.6863427751751
0.165	7.4577630625873	15.619257790687	0.444659	0.0271818	36.7893222671052
0.166	7.4701053177142	15.566070789652	0.443969	0.0271059	36.8923370926625
0.167	7.48217366899	15.513060271262	0.44328	0.0270302	36.9956567099023
0.168	7.4939709712041	15.460226802201	0.442592	0.0269549	37.0990061176261
0.169	7.5055000593717	15.407570920775	0.441906	0.0268798	37.2026577578702
0.17	7.5167637486534	15.355093137417	0.441221	0.0268051	37.3063334962377
0.171	7.5277648342838	15.30279393519	0.440538	0.0267307	37.4101688320919
0.172	7.5385060915057	15.250673770276	0.439855	0.0266566	37.5141615960025
0.173	7.548990275512	15.198733072477	0.439174	0.0265829	37.6181680704513
0.174	7.559220121394	15.146972245688	0.438494	0.0265094	37.722468256543
0.175	7.5691983440962	15.095391668383	0.437816	0.0264362	37.826919148743
0.176	7.5789276383774	15.043991694085	0.437139	0.0263634	37.9313745571512
0.177	7.5884106787783	14.992772651836	0.436463	0.0262908	38.0361190986961
0.178	7.5976501195943	14.941734846654	0.435788	0.0262186	38.1408618309139
0.179	7.6066485948549	14.890878559996	0.435115	0.0261466	38.245890479068
0.18	7.6154087183082	14.840204050204	0.434443	0.026075	38.3509108341323
0.181	7.6239330834117	14.789711552951	0.433772	0.0260037	38.4560658675496
0.182	7.6322242633271	14.739401281681	0.433103	0.0259326	38.5615017391237
0.183	7.6402848109216	14.689273428044	0.432435	0.0258619	38.6669192905394
0.184	7.6481172587732	14.639328162322	0.431768	0.0257915	38.7724637962119
0.185	7.6557241191818	14.589565633855	0.431102	0.0257214	38.8781326055347
0.186	7.6631078841843	14.539985971456	0.430438	0.0256515	38.9840750053603
0.187	7.6702710255745	14.490589283821	0.429775	0.025582	39.0899851458056
0.188	7.6772159949277	14.441375659942	0.429113	0.0255127	39.1961650472118
0.189	7.6839452236289	14.3923451695	0.428452	0.0254438	39.3023054732391
0.19	7.6904611229062	14.343497863267	0.427793	0.0253752	39.4085563857625
0.191	7.6967660838675	14.29483377349	0.427135	0.0253068	39.5150710480977
0.192	7.7028624775409	14.246352914283	0.426478	0.0252387	39.6216920839821
0.193	7.7087526549199	14.198055281997	0.425822	0.025171	39.7282587104207
0.194	7.714438947011	14.149940855603	0.425168	0.0251035	39.8350827573844
0.195	7.7199236648857	14.102009597055	0.424515	0.0250363	39.9420042098872
0.196	7.7252090997357	14.054261451655	0.423863	0.0249694	40.0490200004806
0.197	7.730297522931	14.006696348413	0.423213	0.0249028	40.156127021861
0.198	7.7351911860817	13.959314200397	0.422563	0.0248364	40.2634842408723
0.199	7.7398923211028	13.912114905081	0.421915	0.0247704	40.3707651067403
0.2	7.7444031402813	13.86509834469	0.421269	0.0247046	40.4782914922727
0.201	7.748725836347	13.818264386538	0.420623	0.0246391	40.5858980238726
0.202	7.7528625825457	13.771612883357	0.419979	0.0245739	40.6935814014056
0.203	7.7568155327147	13.725143673628	0.419335	0.024509	40.8013382838957
0.204	7.7605868213612	13.678856581901	0.418694	0.0244443	40.9093326460565
0.205	7.7641785637431	13.632751419116	0.418053	0.02438	41.0172272354389
0.206	7.7675928559524	13.586827982912	0.417413	0.0243159	41.125354192113
0.207	7.7708317749997	13.54108605794	0.416775	0.0242521	41.2335426622849
0.208	7.7738973789027	13.495525416159	0.416138	0.0241885	41.3419600223247
0.209	7.7767917067748	13.450145817144	0.415502	0.0241253	41.450261758403
0.21	7.7795167789172	13.404947008371	0.414868	0.0240623	41.5587869821256
0.211	7.782074596912	13.359928725511	0.414235	0.0239995	41.6675347403071
0.212	7.7844671437176	13.315090692713	0.413602	0.0239371	41.7761550062455
0.213	7.7866963837654	13.270432622885	0.412971	0.0238749	41.884992188449
0.214	7.7887642630584	13.22595421797	0.412342	0.023813	41.9938688951413
0.215	7.7906727092714	13.181655169213	0.411713	0.0237514	42.1027813097333
0.216	7.7924236318524	13.137535157434	0.411086	0.02369	42.2119037568594
0.217	7.794018922126	13.093593853285	0.41046	0.0236289	42.3210559949892
0.218	7.7954604533972	13.049830917509	0.409835	0.023568	42.4304141208418
0.219	7.7967500810576	13.006246001197	0.409211	0.0235074	42.5397959791385
0.22	7.7978896426917	12.962838746032	0.408588	0.0234471	42.649197555348
0.221	7.7988809581853	12.91960878454	0.407967	0.023387	42.7587976226108
0.222	7.7997258298341	12.876555740326	0.407347	0.0233272	42.8684111252101
0.223	7.8004260424543	12.833679228313	0.406728	0.0232677	42.97803392686
0.224	7.8009833634931	12.790978854977	0.40611	0.0232084	43.0878475034901
0.225	7.8013995431407	12.748454218573	0.405493	0.0231493	43.1978504749604
0.226	7.8016763144433	12.706104909362	0.404878	0.0230906	43.3076663230925
0.227	7.8018153934159	12.66393050983	0.404264	0.023032	43.4178534213268
0.228	7.8018184791576	12.621930594909	0.40365	0.0229738	43.5278447622944
0.229	7.8016872539652	12.580104732186	0.403038	0.0229157	43.6382043751664
0.23	7.8014233834496	12.538452482117	0.402428	0.022858	43.7483594365211
0.231	7.8010285166516	12.496973398228	0.401818	0.0228004	43.8588796687777
0.232	7.8005042861582	12.455667027325	0.40121	0.0227432	43.969186394175
0.233	7.7998523082199	12.414532909684	0.400602	0.0226861	44.0798550654365
0.234	7.799074182868	12.373570579254	0.399996	0.0226293	44.190496391846
0.235	7.7981714940325	12.332779563842	0.399391	0.0225728	44.3011057555997
0.236	7.7971458096602	12.292159385308	0.398787	0.0225165	44.4118757355717
0.237	7.7959986818333	12.251709559743	0.398184	0.0224605	44.5226063533759
0.238	7.7947316468875	12.211429597657	0.397583	0.0224047	44.6334920797868
0.239	7.7933462255317	12.171319004151	0.396982	0.0223491	44.7445310996863
0.24	7.7918439229665	12.131377279098	0.396383	0.0222938	44.8555203688918
0.241	7.7902262290036	12.091603917308	0.395785	0.0222387	44.9666572236686
0.242	7.788494618185	12.051998408703	0.395188	0.0221838	45.0779397578413
0.243	7.7866505499024	12.012560238477	0.394592	0.0221292	45.1891618314263
0.244	7.7846954685166	11.973288887262	0.393997	0.0220748	45.3005236740537
0.245	7.7826308034767	11.934183831284	0.393403	0.0220207	45.4118170630361
0.246	7.7804579694396	11.895244542522	0.392811	0.0219668	45.5232441684724
0.247	7.7781783663892	11.856470488857	0.39222	0.0219131	45.6348029261036
0.248	7.7757933797556	11.817861134229	0.391629	0.0218596	45.7464912441216
0.249	7.7733043805341	11.779415938776	0.39104	0.0218064	45.8580967055543
0.25	7.7707127254039	11.741134358985	0.390452	0.0217534	45.9698254066031
0.251	7.7680197568472	11.70301584783	0.389865	0.0217007	46.0814628099554
0.252	7.7652268032672	11.665059854915	0.389279	0.0216481	46.1934303703327
0.253	7.7623351791067	11.627265826604	0.388694	0.0215958	46.30530010465
0.254	7.7593461849661	11.589633206159	0.388111	0.0215437	46.4172820824649
0.255	7.7562611077208	11.55216143387	0.387528	0.0214919	46.5291574965452
0.256	7.7530812206388	11.514849947183	0.386947	0.0214402	46.6413559575004
0.257	7.749807783498	11.477698180825	0.386366	0.0213888	46.7534410532615
0.258	7.7464420427025	11.44070556693	0.385787	0.0213376	46.8656268746251
0.259	7.7429852313993	11.403871535154	0.385209	0.0212866	46.9779109862543
0.26	7.7394385695942	11.367195512801	0.384632	0.0212359	47.0900691753116
0.261	7.7358032642673	11.330676924932	0.384056	0.0211853	47.2025413848282
0.262	7.7320805094882	11.294315194481	0.383481	0.021135	47.3148805299267
0.263	7.7282714865309	11.258109742368	0.382907	0.0210849	47.4273057970396
0.264	7.7243773639878	11.222059987607	0.382334	0.021035	47.5398145947231
0.265	7.7203992978836	11.186165347408	0.381763	0.0209853	47.6524043020591
0.266	7.7163384317888	11.15042523729	0.381192	0.0209358	47.7650722685543
0.267	7.712195896932	11.114839071175	0.380622	0.0208866	47.8775865866153
0.268	7.7079728123129	11.079406261493	0.380054	0.0208375	47.9904019196161
0.269	7.7036702848135	11.044126219281	0.379486	0.0207887	48.1030559871469
0.27	7.6992894093095	11.008998354271	0.37892	0.0207401	48.2157752373422
0.271	7.6948312687812	10.974022074994	0.378355	0.0206916	48.3287904270332
0.272	7.6902969344231	10.939196788866	0.377791	0.0206434	48.4416326767877
0.273	7.6856874657542	10.904521902278	0.377227	0.0205954	48.5545315944337
0.274	7.681003910726	10.869996820686	0.376665	0.0205476	48.6674842804026
0.275	7.6762473058318	10.835620948695	0.376104	0.0205	48.780487804878
0.276	7.6714186762138	10.801393690145	0.375544	0.0204526	48.8935392077291
0.277	7.6665190357705	10.767314448191	0.374985	0.0204054	49.0066354984465
0.278	7.661549387263	10.733382625386	0.374427	0.0203584	49.119773656083
0.279	7.6565107224215	10.699597623758	0.37387	0.0203116	49.2329506291971
0.28	7.6514040220497	10.665958844887	0.373314	0.020265	49.3461633358006
0.281	7.6462302561299	10.632465689982	0.372759	0.0202186	49.45940866331
0.282	7.6409903839269	10.59911755995	0.372205	0.0201723	49.5729292148144
0.283	7.6356853540914	10.565913855474	0.371653	0.0201263	49.6862314484033
0.284	7.6303161047623	10.532853977079	0.371101	0.0200805	49.7995567839446
0.285	7.6248835636689	10.4999373252	0.37055	0.0200349	49.9129019860344
0.286	7.6193886482322	10.467163300252	0.37	0.0199894	50.0265140524478
0.287	7.6138322656654	10.434531302694	0.369451	0.0199442	50.13989029392
0.288	7.6082153130739	10.402040733094	0.368904	0.0198992	50.2532765136287
0.289	7.6025386775543	10.369690992187	0.368357	0.0198543	50.3669230343049
0.29	7.5968032362936	10.337481480942	0.367811	0.0198096	50.4805750747113
0.291	7.5910098566663	10.305411600618	0.367267	0.0197651	50.5942292222149
0.292	7.5851593963317	10.273480752823	0.366723	0.0197208	50.7078820331832
0.293	7.5792527033309	10.24168833957	0.36618	0.0196767	50.8215300329832
0.294	7.573290616182	10.210033763333	0.365639	0.0196328	50.9351697159855
0.295	7.5672739639751	10.1785164271	0.365098	0.0195891	51.0487975455738
0.296	7.5612035664671	10.147135734427	0.364558	0.0195455	51.1626717147169
0.297	7.5550802341749	10.115891089489	0.364019	0.0195021	51.2765291942919
0.298	7.5489047684685	10.084781897129	0.363482	0.0194589	51.3903663619218
0.299	7.5426779616633	10.053807562908	0.362945	0.0194159	51.5041795641716
0.3	7.5364005971113	10.022967493151	0.362409	0.0193731	51.6179651165792
0.301	7.530073449292	9.9922610949961	0.361874	0.0193304	51.7319869221537
0.302	7.5236972839028	9.9616877764358	0.361341	0.0192879	51.8459759745747
0.303	7.5172728579476	9.9312469463649	0.360808	0.0192456	51.9599285031384
0.304	7.5108009198262	9.900938014621	0.360276	0.0192035	52.0738407061213
0.305	7.5042822094219	9.870760392027	0.359745	0.0191616	52.187708750835
0.306	7.4977174581886	9.8407134904317	0.359215	0.0191198	52.301802320108
0.307	7.4911073892373	9.8107967227493	0.358686	0.0190782	52.4158463586712
0.308	7.4844527174221	9.7810095029979	0.358158	0.0190368	52.5298369473861
0.309	7.4777541494252	9.7513512463369	0.357631	0.0189955	52.6440472743545
0.31	7.4710123838411	9.7218213691038	0.357105	0.0189544	52.7581986240662
0.311	7.4642281112602	9.6924192888494	0.35658	0.0189135	52.8722869907738
0.312	7.4574020143522	9.6631444243721	0.356056	0.0188728	52.9863083379255
0.313	7.4505347679478	9.6339961957519	0.355533	0.0188322	53.1005405635029
0.314	7.4436270391203	9.6049740243824	0.35501	0.0187918	53.2147000287359
0.315	7.4366794872669	9.576077333003	0.354489	0.0187515	53.3290670079727
0.316	7.4296927641882	9.5473055457292	0.353969	0.0187115	53.4430697699276
0.317	7.4226675141681	9.5186580880828	0.353449	0.0186715	53.5575609886726
0.318	7.4156043740521	9.4901343870205	0.352931	0.0186318	53.6716796015414
0.319	7.4085039733257	9.4617338709623	0.352413	0.0185922	53.7859962780091
0.32	7.4013669341916	9.4334559698188	0.351897	0.0185528	53.9002199128972
0.321	7.3941938716464	9.4053001150174	0.351381	0.0185135	54.014637966889
0.322	7.3869853935564	9.3772657395282	0.350866	0.0184744	54.128956826744
0.323	7.379742100733	9.3493522778888	0.350353	0.0184355	54.2431721407068
0.324	7.3724645870073	9.3215591662281	0.34984	0.0183967	54.3575749998641
0.325	7.3651534393041	9.2938858422903	0.349328	0.0183581	54.4718680037695
0.326	7.3578092377149	9.2663317454568	0.348817	0.0183196	54.5863446800149
0.327	7.3504325555709	9.2388963167683	0.348307	0.0182813	54.7007050920886
0.328	7.3430239595142	9.2115789989459	0.347797	0.0182432	54.8149447465357
0.329	7.3355840095699	9.1843792364117	0.347289	0.0182052	54.9293608419572
0.33	7.3281132592159	9.1572964753085	0.346782	0.0181674	55.043649614144
0.331	7.3206122554535	9.1303301635186	0.346275	0.0181297	55.1581107243915
0.332	7.3130815388761	9.1034797506824	0.34577	0.0180922	55.2724378461436
0.333	7.305521643738	9.0767446882165	0.345265	0.0180548	55.3869331147396
0.334	7.2979330980226	9.0501244293301	0.344761	0.0180176	55.501287629873
0.335	7.2903164235093	9.0236184290423	0.344259	0.0179805	55.6158060120686
0.336	7.2826721358407	8.9972261441973	0.343757	0.0179436	55.7301767761207
0.337	7.2750007445881	8.9709470334804	0.343256	0.0179068	55.8447070386669
0.338	7.2673027533171	8.9447805574322	0.342755	0.0178702	55.9590827187161
0.339	7.2595786596527	8.918726178463	0.342256	0.0178337	56.0736134397237
0.34	7.2518289553431	8.8927833608664	0.341758	0.0177974	56.1879825142998
0.341	7.2440541263231	8.8669515708322	0.34126	0.0177612	56.3025020831926
0.342	7.2362546527776	8.8412302764591	0.340764	0.0177251	56.4171711302052
0.343	7.2284310092032	8.8156189477668	0.340268	0.0176893	56.531349459843
0.344	7.2205836644706	8.7901170567072	0.339773	0.0176535	56.6459908799955
0.345	7.2127130818851	8.7647240771755	0.339279	0.0176179	56.760453856589
0.346	7.2048197192473	8.7394394850207	0.338786	0.0175824	56.8750568750569
0.347	7.1969040289133	8.7142627580556	0.338294	0.0175471	56.989474044144
0.348	7.1889664578535	8.6891933760665	0.337802	0.0175119	57.1040264049018
0.349	7.1810074477116	8.6642308208222	0.337312	0.0174769	57.2183854116005
0.35	7.1730274348626	8.6393745760822	0.336822	0.017442	57.332874670336
0.351	7.1650268504706	8.6146241276056	0.336334	0.0174073	57.4471629718566
0.352	7.1570061205455	8.5899789631585	0.335846	0.0173726	57.5619078318732
0.353	7.1489656659995	8.5654385725213	0.335359	0.0173382	57.6761140141422
0.354	7.1409059027031	8.5410024474957	0.334873	0.0173038	57.7907742807938
0.355	7.1328272415399	8.5166700819113	0.334387	0.0172696	57.9052207347014
0.356	7.1247300884621	8.4924409716315	0.333903	0.0172355	58.0197847465986
0.357	7.1166148445439	8.4683146145595	0.333419	0.0172016	58.1341270579481
0.358	7.1084819060354	8.4442905106435	0.332936	0.0171678	58.2485816470369
0.359	7.100331664416	8.4203681618818	0.332454	0.0171341	58.3631471743482
0.36	7.0921645064464	8.3965470723275	0.331973	0.0171006	58.4774803223279
0.361	7.0839808142208	8.3728267480924	0.331493	0.0170672	58.5919190025312
0.362	7.0757809652186	8.3492066973514	0.331014	0.0170339	58.7064618202525
0.363	7.0675653323549	8.325686430346	0.330535	0.0170008	58.8207613759352
0.364	7.0593342840314	8.3022654593874	0.330058	0.0169678	58.9351595374769
0.365	7.0510881841857	8.2789432988594	0.329581	0.0169349	59.0496548547674
0.366	7.0428273923414	8.2557194652216	0.329105	0.0169022	59.1638958242122
0.367	7.0345522636562	8.232593477011	0.328629	0.0168696	59.2782282923128
0.368	7.026263148971	8.2095648548444	0.328155	0.0168371	59.3926507533958
0.369	7.0179603948571	8.1866331214203	0.327681	0.0168047	59.507161686909
0.37	7.009644343664	8.16379780152	0.327209	0.0167725	59.6214040840662
0.371	7.0013153335662	8.141058422009	0.326737	0.0167404	59.7357291343098
0.372	6.9929736986094	8.118414511838	0.326266	0.0167084	59.8501352613057
0.373	6.9846197687567	8.0958656020432	0.325795	0.0166765	59.9646208736845
0.374	6.9762538699336	8.073411225747	0.325326	0.0166448	60.0788234163222
0.375	6.9678763240733	8.0510509181579	0.324857	0.0166132	60.1930994630775
0.376	6.959487449161	8.0287842165708	0.324389	0.0165817	60.3074473666753
0.377	6.9510875592781	8.0066106603661	0.323922	0.0165504	60.4215003866976
0.378	6.9426769646453	7.9845297910093	0.323456	0.0165191	60.5359856166498
0.379	6.9342559716663	7.9625411520504	0.322991	0.016488	60.6501698204755
0.38	6.9258248829698	7.9406442891228	0.322526	0.016457	60.7644163577809
0.381	6.9173839974521	7.9188387499415	0.322062	0.0164261	60.8787234949258
0.382	6.9089336103187	7.8971240843026	0.321599	0.0163954	60.9927174695341
0.383	6.9004740131255	7.8754998440806	0.321137	0.0163647	61.1071391470666
0.384	6.8920054938197	7.8539655832274	0.320676	0.0163342	61.221241321889
0.385	6.8835283367803	7.8325208577694	0.320215	0.0163038	61.3353942025785
0.386	6.8750428228581	7.8111652258061	0.319755	0.0162735	61.4495959689065
0.387	6.866549229415	7.7898982475069	0.319296	0.0162433	61.5638447852345
0.388	6.8580478303632	7.7687194851088	0.318838	0.0162133	61.6777583835493
0.389	6.8495388962043	7.7476285029135	0.31838	0.0161833	61.7920943194528
0.39	6.8410226940672	7.7266248672845	0.317924	0.0161535	61.9060884638004
0.391	6.8324994877458	7.705708146644	0.317468	0.0161238	62.0201193267096
0.392	6.8239695377373	7.6848779114694	0.317013	0.0160942	62.1341849858955
0.393	6.8154331012784	7.6641337342897	0.316558	0.0160647	62.2482835035824
0.394	6.8068904323823	7.6434751896823	0.316105	0.0160354	62.3620240218517
0.395	6.7983417818752	7.622901854269	0.315652	0.0160061	62.4761809560105
0.396	6.789787397432	7.6024133067119	0.3152	0.015977	62.5899730863116
0.397	6.7812275236118	7.5820091277096	0.314749	0.0159479	62.7041804877131
0.398	6.772662401893	7.5616888999929	0.314298	0.015919	62.8180162070482
0.399	6.764092270708	7.5414522083203	0.313848	0.0158902	62.9318699575839
0.4	6.7555173654779	7.5212986394737	0.313399	0.0158615	63.0457396841408
0.401	6.7469379186461	7.5012277822539	0.312951	0.0158329	63.1596233160065
0.402	6.7383541597122	7.4812392274757	0.312504	0.0158044	63.2735187669257
0.403	6.7297663152648	7.4613325679629	0.312057	0.015776	63.3874239350913
0.404	6.7211746090153	7.4415073985438	0.311611	0.0157478	63.5009334637219
0.405	6.7125792618293	7.4217633160459	0.311166	0.0157196	63.6148502506425
0.406	6.7039804917599	7.4020999192903	0.310721	0.0156915	63.728770353376
0.407	6.6953785140786	7.3825168090873	0.310278	0.0156636	63.8422840215532
0.408	6.6867735413075	7.3630135882303	0.309835	0.0156357	63.9562027923278
0.409	6.67816578325	7.3435898614904	0.309393	0.015608	64.0697078421322
0.41	6.6695554470218	7.3242452356113	0.308951	0.0155803	64.1836164900547
0.411	6.6609427370813	7.3049793193031	0.30851	0.0155528	64.2971040584332
0.412	6.6523278552597	7.2857917232365	0.308071	0.0155254	64.410578793461
0.413	6.6437110007911	7.2666820600377	0.307631	0.0154981	64.5240384305173
0.414	6.6350923703416	7.2476499442814	0.307193	0.0154708	64.6378984926442
0.415	6.6264721580386	7.2286949924855	0.306755	0.0154437	64.751322545763
0.416	6.6178505554997	7.2098168231051	0.306318	0.0154167	64.8647246168116
0.417	6.6092277518612	7.1910150565256	0.305882	0.0153898	64.9781023794981
0.418	6.6006039338061	7.1722893150571	0.305446	0.0153629	65.0918771846461
0.419	6.5919792855925	7.1536392229279	0.305011	0.0153362	65.2052007668132
0.42	6.5833539890806	7.1350644062782	0.304577	0.0153096	65.3184929717302
0.421	6.5747282237604	7.1165644931532	0.304144	0.0152831	65.43175141169
0.422	6.5661021667785	7.0981391134973	0.303711	0.0152566	65.5454033008665
0.423	6.5574759929647	7.079787899147	0.303279	0.0152303	65.658588471665
0.424	6.5488498748588	7.0615104838244	0.302848	0.0152041	65.7717326247525
0.425	6.5402239827363	7.0433065031305	0.302418	0.015178	65.8848333113717
0.426	6.5315984846343	7.0251755945385	0.301988	0.0151519	65.9983236425795
0.427	6.5229735463771	7.0071173973872	0.301559	0.015126	66.111331482216
0.428	6.5143493316016	6.9891315528737	0.301131	0.0151001	66.224726988563
0.429	6.5057260017818	6.9712177040468	0.300703	0.0150744	66.3376320118877
0.43	6.4971037162539	6.9533754957999	0.300276	0.0150487	66.4509226710613
0.431	6.4884826322409	6.9356045748644	0.29985	0.0150232	66.5637147877949
0.432	6.479862904876	6.9179045898022	0.299424	0.0149977	66.6768904565367
0.433	6.4712446872272	6.9002751909987	0.299	0.0149723	66.7900055435705
0.434	6.4626281303207	6.8827160306562	0.298575	0.0149471	66.9026098708111
0.435	6.4540133831641	6.865226762786	0.298152	0.0149219	67.0155945288469
0.436	6.4454005927696	6.8478070432017	0.297729	0.0148968	67.1285108211159
0.437	6.436789904177	6.8304565295121	0.297307	0.0148718	67.2413561236703
0.438	6.4281814604759	6.8131748811135	0.296886	0.0148469	67.3541277977221
0.439	6.4195754028284	6.7959617591827	0.296465	0.014822	67.4672783699906
0.44	6.4109718704911	6.7788168266699	0.296045	0.0147973	67.579896332439
0.441	6.4023710008369	6.7617397482909	0.295626	0.0147727	67.6924326629526
0.442	6.3937729293764	6.7447301905203	0.295208	0.0147481	67.805344417247
0.443	6.3851777897796	6.7277878215834	0.29479	0.0147236	67.9181721861501
0.444	6.376585713897	6.7109123114497	0.294373	0.0146993	68.0304504296123
0.445	6.3679968317801	6.6941033318249	0.293956	0.014675	68.1431005110733
0.446	6.3594112717025	6.6773605561433	0.29354	0.0146508	68.2556583940809
0.447	6.35082916018	6.6606836595611	0.293125	0.0146267	68.3681213123945
0.448	6.3422506219909	6.6440723189482	0.292711	0.0146027	68.480486485376
0.449	6.3336757801961	6.627526212881	0.292297	0.0145787	68.5932216178397
0.45	6.3251047561588	6.611045021635	0.291884	0.0145549	68.7053844409786
0.451	6.3165376695637	6.5946284271772	0.291472	0.0145311	68.8179146795494
0.452	6.3079746384369	6.5782761131585	0.29106	0.0145074	68.9303389994072
0.453	6.2994157791643	6.5619877649064	0.290649	0.0144838	69.0426545519822
0.454	6.2908612065111	6.5457630694169	0.290238	0.0144603	69.1548584745821
0.455	6.2823110336402	6.529601715348	0.289829	0.0144369	69.2669478904751
0.456	6.2737653721305	6.5135033930109	0.28942	0.0144135	69.3794012557672
0.457	6.2652243319954	6.4974677943635	0.289011	0.0143903	69.4912545256179
0.458	6.2566880217008	6.4814946130022	0.288603	0.0143671	69.6034690368968
0.459	6.2481565481829	6.4655835441544	0.288196	0.014344	69.7155605131065
0.46	6.2396300168658	6.4497342846714	0.28779	0.014321	69.8275260107534
0.461	6.2311085316791	6.4339465330202	0.287384	0.0142981	69.9393625726495
0.462	6.2225921950749	6.4182199892764	0.286979	0.0142752	70.0515579466487
0.463	6.2140811080453	6.4025543551164	0.286575	0.0142525	70.1631292755657
0.464	6.2055753701387	6.3869493338099	0.286171	0.0142298	70.2750565714205
0.465	6.1970750794769	6.3714046302122	0.285768	0.0142072	70.3868461061997
0.466	6.1885803327715	6.355919950757	0.285365	0.0141846	70.4989918644163
0.467	6.1800912253401	6.3404950034485	0.284963	0.0141622	70.6104983688975
0.468	6.1716078511225	6.3251294978539	0.284562	0.0141398	70.7223581663107
0.469	6.1631303026967	6.309823145096	0.284162	0.0141175	70.8340711882416
0.47	6.1546586712945	6.2945756578455	0.283762	0.0140953	70.9456343603896
0.471	6.1461930468174	6.2793867503137	0.283362	0.0140732	71.0570445954012
0.472	6.1377335178516	6.2642561382446	0.282964	0.0140511	71.1688052892656
0.473	6.1292801716836	6.2491835389077	0.282566	0.0140292	71.279901918855
0.474	6.120833094315	6.2341686710905	0.282169	0.0140073	71.391345941045
0.475	6.1123923704776	6.2192112550907	0.281772	0.0139854	71.5031389878016
0.476	6.1039580836482	6.2043110127091	0.281376	0.0139637	71.6142569662768
0.477	6.0955303160627	6.1894676672418	0.28098	0.013942	71.7257208434945
0.478	6.0871091487311	6.1746809434729	0.280586	0.0139204	71.837016177696
0.479	6.0786946614514	6.1599505676671	0.280191	0.0138989	71.948139780846
0.48	6.0702869328238	6.1452762675623	0.279798	0.0138775	72.0590884525311
0.481	6.0618860402644	6.1306577723617	0.279405	0.0138561	72.1703798327091
0.482	6.0534920600194	6.1160948127272	0.279013	0.0138348	72.2814930465204
0.483	6.0451050671784	6.1015871207713	0.278621	0.0138136	72.392424856663
0.484	6.0367251356878	6.08713443005	0.27823	0.0137924	72.5036976885821
0.485	6.0283523383643	6.0727364755556	0.27784	0.0137713	72.6147858226892
0.486	6.0199867469081	6.0583929937091	0.27745	0.0137503	72.7256859850331
0.487	6.0116284319157	6.044103722353	0.277061	0.0137294	72.8363948897985
0.488	6.0032774628929	6.0298684007438	0.276672	0.0137085	72.947441368494
0.489	5.9949339082676	6.0156867695451	0.276284	0.0136878	73.0577594646327
0.49	5.986597835402	6.0015585708199	0.275897	0.013667	73.1689470988512
0.491	5.9782693106056	5.9874835480236	0.27551	0.0136464	73.2793996951577
0.492	5.969948399147	5.9734614459967	0.275124	0.0136258	73.3901862642927
0.493	5.9616351652665	5.9594920109577	0.274738	0.0136053	73.5007680830265
0.494	5.9533296721876	5.9455749904955	0.274354	0.0135849	73.6111417824202
0.495	5.9450319821294	5.9317101335628	0.273969	0.0135645	73.7218474694976
0.496	5.9367421563179	5.9178971904686	0.273586	0.0135442	73.8323415188789
0.497	5.9284602549981	5.9041359128709	0.273203	0.013524	73.9426205264715
0.498	5.9201863374451	5.8904260537701	0.27282	0.0135039	74.0526810773184
0.499	5.9119204619755	5.8767673675015	0.272438	0.0134838	74.1630697577834
0.5	5.903662685959	5.8631596097283	0.272057	0.0134638	74.2732363820021
0.501	5.8954130658289	5.8496025374346	0.271676	0.0134438	74.3837307904015
0.502	5.8871716570936	5.8360959089187	0.271296	0.0134239	74.4939995083396
0.503	5.8789385143473	5.8226394837853	0.270917	0.0134041	74.6040390626749
0.504	5.8707136912806	5.8092330229393	0.270538	0.0133844	74.7138459699352
0.505	5.8624972406912	5.7958762885785	0.27016	0.0133647	74.8239765950601
0.506	5.8542892144946	5.7825690441867	0.269782	0.0133451	74.933870858967
0.507	5.8460896637341	5.769311054527	0.269405	0.0133255	75.0440884019361
0.508	5.8378986385913	5.7561020856344	0.269029	0.0133061	75.1535010258453
0.509	5.8297161883962	5.7429419048096	0.268653	0.0132867	75.26323315797
0.51	5.8215423616371	5.7298302806117	0.268277	0.0132673	75.373286199905
0.511	5.813377205971	5.7167669828515	0.267903	0.013248	75.4830917874396
0.512	5.8052207682327	5.703751782585	0.267529	0.0132288	75.5926463473633
0.513	5.7970730944448	5.6907844521062	0.267155	0.0132096	75.702519379845
0.514	5.7889342298277	5.6778647649407	0.266782	0.0131906	75.8115627795551
0.515	5.7808042188083	5.6649924958387	0.26641	0.0131715	75.9214971719242
0.516	5.77268310503	5.6521674207687	0.266038	0.0131526	76.0305947113118
0.517	5.7645709313617	5.6393893169105	0.265667	0.0131337	76.1400062434805
0.518	5.7564677399068	5.6266579626489	0.265296	0.0131148	76.2497331259341
0.519	5.7483735720129	5.6139731375668	0.264926	0.0130961	76.3586105787219
0.52	5.7402884682799	5.6013346224388	0.264556	0.0130774	76.4677994096686
0.521	5.7322124685693	5.5887421992245	0.264187	0.0130587	76.5773009564505
0.522	5.7241456120133	5.5761956510622	0.263819	0.0130401	76.6865284775424
0.523	5.7160879370225	5.5636947622623	0.263451	0.0130216	76.7954782822387
0.524	5.7080394812956	5.5512393183007	0.263084	0.0130031	76.9047381009144
0.525	5.7000002818269	5.5388291058127	0.262717	0.0129847	77.013716142845
0.526	5.6919703749152	5.5264639125862	0.262351	0.0129664	77.1224086870681
0.527	5.6839497961721	5.5141435275555	0.261986	0.0129481	77.2314084691963
0.528	5.6759385805297	5.5018677407951	0.261621	0.0129299	77.340118639742
0.529	5.6679367622492	5.4896363435131	0.261257	0.0129117	77.4491352804046
0.53	5.6599443749288	5.477449128045	0.260893	0.0128936	77.557858162189
0.531	5.6519614515113	5.4653058878476	0.260529	0.0128756	77.6662835130013
0.532	5.6439880242922	5.4532064174923	0.260167	0.0128576	77.775012444002
0.533	5.6360241249275	5.4411505126594	0.259805	0.0128397	77.8834396442284
0.534	5.6280697844409	5.4291379701318	0.259443	0.0128218	77.9921695861735
0.535	5.6201250332319	5.4171685877884	0.259082	0.012804	78.1005935645111
0.536	5.612189901083	5.4052421645985	0.258722	0.0127863	78.2087077575217
0.537	5.604264417167	5.3933585006156	0.258362	0.0127686	78.3171216891437
0.538	5.5963486100545	5.381517396971	0.258002	0.012751	78.4252215512509
0.539	5.588442507721	5.3697186558681	0.257643	0.0127334	78.5336202428259
0.54	5.5805461375542	5.3579620805762	0.257285	0.0127159	78.6417005481326
0.541	5.5726595263607	5.3462474754246	0.256927	0.0126984	78.7500787500787
0.542	5.5647827003734	5.3345746457964	0.25657	0.012681	78.8581342165444
0.543	5.5569156852582	5.3229433981232	0.256214	0.0126637	78.9658630574003
0.544	5.5490585061208	5.3113535398782	0.255858	0.0126464	79.0738866396761
0.545	5.5412111875135	5.2998048795713	0.255502	0.0126292	79.1815791974155
0.546	5.5333737534418	5.2882972267427	0.255147	0.012612	79.2895654931811
0.547	5.5255462273712	5.276830391957	0.254793	0.0125949	79.3972163335954
0.548	5.5177286322334	5.265404186798	0.254439	0.0125778	79.5051598848765
0.549	5.5099209904331	5.2540184238621	0.254085	0.0125608	79.6127635182472
0.55	5.5021233238541	5.2426729167533	0.253732	0.0125438	79.7206588115244
0.551	5.4943356538657	5.2313674800771	0.25338	0.0125269	79.8282096927412
0.552	5.4865580013289	5.220101929435	0.253028	0.0125101	79.9354121869529
0.553	5.4787903866027	5.2088760814186	0.252677	0.0124933	80.0429029960059
0.554	5.47103282955	5.1976897536042	0.252327	0.0124766	80.1500408765208
0.555	5.4632853495439	5.1865427645473	0.251976	0.0124599	80.2574659507701
0.556	5.4555479654731	5.1754349337765	0.251627	0.0124433	80.3645335240652
0.557	5.4478206957486	5.1643660817888	0.251278	0.0124267	80.4718871462255
0.558	5.4401035583087	5.1533360300433	0.250929	0.0124102	80.5788786643245
0.559	5.4323965706253	5.1423446009561	0.250581	0.0123937	80.6861550626528
0.56	5.4246997497096	5.1313916178948	0.250234	0.0123773	80.7930647233242
0.561	5.4170131121172	5.1204769051731	0.249887	0.0123609	80.9002580718233
0.562	5.4093366739544	5.1096002880453	0.24954	0.0123446	81.0070800187936
0.563	5.401670450883	5.098761592701	0.249194	0.0123283	81.1141844374326
0.564	5.3940144581263	5.0879606462597	0.248849	0.0123121	81.2209127606176
0.565	5.3863687104741	5.0771972767657	0.248504	0.012296	81.327260897853
0.566	5.3787332222882	5.0664713131823	0.248159	0.0122799	81.4338878981099
0.567	5.3711080075078	5.0557825853873	0.247816	0.0122638	81.5407948596683
0.568	5.3634930796542	5.0451309241669	0.247472	0.0122478	81.6473162527148
0.569	5.3558884518365	5.0345161612112	0.24713	0.0122318	81.7541163197567
0.57	5.3482941367563	5.0239381291088	0.246787	0.0122159	81.8605260357403
0.571	5.3407101467131	5.0133966613414	0.246445	0.0122001	81.9665412578585
0.572	5.3331364936087	5.0028915922792	0.246104	0.0121843	82.0728314306115
0.573	5.3255731889528	4.9924227571751	0.245763	0.0121685	82.1793976250154
0.574	5.3180202438672	4.9819899921602	0.245423	0.0121528	82.2855638206833
0.575	5.310477669091	4.9715931342388	0.245083	0.0121372	82.3913258412154
0.576	5.3029454749856	4.9612320212828	0.244744	0.0121216	82.4973600844773
0.577	5.2954236715384	4.9509064920273	0.244405	0.012106	82.6036676028416
0.578	5.2879122683687	4.9406163860653	0.244067	0.0120905	82.709565361234
0.579	5.2804112747314	4.930361543843	0.24373	0.012075	82.815734989648
0.58	5.2729206995219	4.9201418066548	0.243392	0.0120596	82.9214899333311
0.581	5.2654405512804	4.9099570166382	0.243056	0.0120443	83.0268259674701
0.582	5.2579708381966	4.8998070167693	0.242719	0.012029	83.1324299609278
0.583	5.2505115681138	4.8896916508579	0.242384	0.0120137	83.2383029374797
0.584	5.2430627485335	4.8796107635425	0.242049	0.0119985	83.3437513022461
0.585	5.2356243866194	4.8695642002856	0.241714	0.0119833	83.4494671751521
0.586	5.2281964892021	4.8595518073691	0.24138	0.0119682	83.5547534299226
0.587	5.2207790627826	4.8495734318895	0.241046	0.0119531	83.660305694757
0.588	5.2133721135371	4.8396289217531	0.240713	0.0119381	83.7654233085667
0.589	5.2059756473207	4.8297181256715	0.24038	0.0119231	83.8708054113444
0.59	5.1985896696718	4.8198408931568	0.240048	0.0119081	83.9764530025781
0.591	5.1912141858155	4.8099970745172	0.239716	0.0118933	84.0809531416848
0.592	5.1838492006684	4.800186520852	0.239385	0.0118784	84.1864224137931
0.593	5.1764947188418	4.7904090840475	0.239054	0.0118636	84.2914461040494
0.594	5.1691507446458	4.7806646167724	0.238724	0.0118489	84.3960198837023
0.595	5.1618172820934	4.7709529724727	0.238394	0.0118341	84.5015675040772
0.596	5.1544943349039	4.7612740053682	0.238065	0.0118195	84.6059477981302
0.597	5.1471819065068	4.7516275704471	0.237736	0.0118049	84.7105862819677
0.598	5.1398800000455	4.7420135234621	0.237408	0.0117903	84.8154839147435
0.599	5.132588618381	4.7324317209258	0.23708	0.0117758	84.9199205149544
0.6	5.1253077640955	4.7228820201065	0.236753	0.0117613	85.0246146259342
0.601	5.1180374394958	4.7133642790235	0.236426	0.0117468	85.1295672012804
0.602	5.1107776466172	4.7038783564431	0.2361	0.0117324	85.2340527087382
0.603	5.1035283872267	4.694424111874	0.235774	0.0117181	85.3380667514358
0.604	5.0962896628264	4.6850014055633	0.235449	0.0117038	85.44233496813
0.605	5.0890614746572	4.6756100984921	0.235124	0.0116895	85.5468582916292
0.606	5.0818438237022	4.666250052371	0.234799	0.0116753	85.6509040452922
0.607	5.0746367106895	4.6569211296365	0.234475	0.0116611	85.755203196954
0.608	5.0674401360961	4.6476231934461	0.234152	0.011647	85.8590194899974
0.609	5.060254100151	4.6383561076747	0.233829	0.0116329	85.9630874502489
0.61	5.0530786028383	4.62911973691	0.233506	0.0116189	86.0666672404444
0.611	5.0459136439004	4.619913946449	0.233184	0.0116048	86.1712394871088
0.612	5.0387592228415	4.6107386022931	0.232863	0.0115909	86.2745774702568
0.613	5.0316153389301	4.6015935711447	0.232542	0.011577	86.3781636002419
0.614	5.0244819912026	4.5924787204028	0.232221	0.0115631	86.4819987719556
0.615	5.0173591784663	4.583393918159	0.231901	0.0115492	86.5860838845981
0.616	5.0102468993021	4.5743390331938	0.231581	0.0115355	86.6889168219843
0.617	5.0031451520678	4.565313934972	0.231262	0.0115217	86.7927475980107
0.618	4.9960539349009	4.5563184936396	0.230943	0.011508	86.8960722975322
0.619	4.9889732457217	4.5473525800191	0.230625	0.0114943	86.9996433014625
0.62	4.9819030822357	4.5384160656058	0.230307	0.0114807	87.1027027968678
0.621	4.9748434419371	4.5295088225644	0.22999	0.0114671	87.2060067497449
0.622	4.9677943221113	4.5206307237243	0.229673	0.0114536	87.3087937417057
0.623	4.9607557198373	4.5117816425765	0.229357	0.01144	87.4125874125874
0.624	4.9537276319914	4.5029614532694	0.229041	0.0114266	87.5150963541211
0.625	4.9467100552489	4.494170030605	0.228725	0.0114132	87.6178460028739
0.626	4.9397029860875	4.4854072500354	0.22841	0.0113998	87.7208372076703
0.627	4.9327064207897	4.4766729876586	0.228096	0.0113864	87.8240708213307
0.628	4.9257203554455	4.4679671202152	0.227781	0.0113731	87.926774582128
0.629	4.9187447859547	4.4592895250845	0.227468	0.0113598	88.0297188330781
0.63	4.9117797080301	4.4506400802808	0.227155	0.0113466	88.1321276858266
0.631	4.9048251171993	4.4420186644498	0.226842	0.0113334	88.2347750895583
0.632	4.8978810088079	4.433425156865	0.22653	0.0113203	88.3368815314082
0.633	4.8909473780216	4.4248594374238	0.226218	0.0113072	88.439224564879
0.634	4.8840242198285	4.4163213866443	0.225906	0.0112941	88.541805013237
0.635	4.877111529042	4.4078108856614	0.225596	0.0112811	88.6438379236067
0.636	4.870209300303	4.3993278162236	0.225285	0.0112681	88.7461062645876
0.637	4.863317528082	4.3908720606888	0.224975	0.0112551	88.8486108519693
0.638	4.856436206682	4.3824435020218	0.224665	0.0112422	88.9505612780417
0.639	4.8495653302403	4.3740420237897	0.224356	0.0112293	89.0527459414211
0.64	4.8427048927309	4.3656675101592	0.224048	0.0112165	89.1543707930281
0.641	4.8358548879673	4.3573198458929	0.223739	0.0112037	89.2562278532985
0.642	4.8290153096039	4.3489989163458	0.223432	0.0111909	89.3583179190235
0.643	4.8221861511388	4.3407046074621	0.223124	0.0111782	89.4598414771609
0.644	4.8153674059159	4.3324368057716	0.222817	0.0111655	89.5615959876405
0.645	4.8085590671269	4.3241953983861	0.222511	0.0111528	89.6635822394376
0.646	4.8017611278136	4.3159802729968	0.222205	0.0111402	89.7649952424553
0.647	4.7949735808699	4.3077913178703	0.221899	0.0111276	89.8666379093425
0.648	4.7881964190442	4.2996284218455	0.221594	0.0111151	89.9677015951274
0.649	4.7814296349408	4.2914914743303	0.22129	0.0111026	90.068992848522
0.65	4.7746732210228	4.2833803652984	0.220985	0.0110901	90.1705124390222
0.651	4.7679271696135	4.2752949852858	0.220682	0.0110777	90.2714462388402
0.652	4.7611914728986	4.2672352253881	0.220378	0.0110653	90.3726062555918
0.653	4.7544661229284	4.2592009772567	0.220075	0.0110529	90.4739932506401
0.654	4.7477511116192	4.2511921330958	0.219773	0.0110406	90.5747876021231
0.655	4.7410464307558	4.2432085856594	0.219471	0.0110283	90.6758067879909
0.656	4.7343520719932	4.235250228248	0.219169	0.0110161	90.7762275215367
0.657	4.7276680268584	4.2273169547055	0.218868	0.0110039	90.8768709275802
0.658	4.7209942867525	4.2194086594159	0.218567	0.0109917	90.9777377475732
0.659	4.7143308429522	4.2115252373006	0.218267	0.0109795	91.0788287262626
0.66	4.7076776866119	4.2036665838149	0.217967	0.0109674	91.1793132374127
0.661	4.7010348087654	4.1958325949453	0.217668	0.0109553	91.2800197164843
0.662	4.6944022003279	4.188023167206	0.217369	0.0109433	91.3801138596219
0.663	4.6877798520974	4.1802381976364	0.21707	0.0109313	91.4804277624802
0.664	4.6811677547567	4.1724775837978	0.216772	0.0109193	91.5809621495883
0.665	4.6745658988749	4.1647412237704	0.216474	0.0109074	91.6808772026331
0.666	4.6679742749095	4.1570290161504	0.216177	0.0108955	91.7810105089257
0.667	4.6613928732078	4.149340860047	0.21588	0.0108836	91.8813627843728
0.668	4.6548216840084	4.1416766550797	0.215584	0.0108718	91.9810886881657
0.669	4.6482606974432	4.1340363013748	0.215288	0.01086	92.0810313075506
0.67	4.641709903539	4.1264196995633	0.214992	0.0108482	92.181191349717
0.671	4.6351692922188	4.1188267507774	0.214697	0.0108365	92.2807179439856
0.672	4.6286388533037	4.1112573566477	0.214402	0.0108248	92.3804596851674
0.673	4.6221185765144	4.1037114193008	0.214108	0.0108131	92.4804172716427
0.674	4.6156084514725	4.0961888413558	0.213814	0.0108015	92.5797342961626
0.675	4.6091084677024	4.0886895259223	0.21352	0.0107899	92.6792648680711
0.676	4.6026186146329	4.0812133765967	0.213227	0.0107783	92.7790096768507
0.677	4.596138881598	4.0737602974601	0.212935	0.0107668	92.8781067726715
0.678	4.5896692578393	4.0663301930754	0.212642	0.0107553	92.9774157857056
0.679	4.5832097325067	4.0589229684842	0.212351	0.0107438	93.0769373964519
0.68	4.5767602946605	4.0515385292044	0.212059	0.0107324	93.1758041071895
0.681	4.5703209332723	4.0441767812277	0.211768	0.010721	93.2748810745266
0.682	4.5638916372266	4.0368376310164	0.211478	0.0107096	93.3741689698962
0.683	4.5574723953223	4.0295209855008	0.211188	0.0106982	93.4736684675927
0.684	4.5510631962742	4.0222267520771	0.210898	0.0106869	93.5725046552321
0.685	4.544664028714	4.0149548386039	0.210608	0.0106757	93.6706726491003
0.686	4.5382748811918	4.0077051534003	0.21032	0.0106644	93.7699261092982
0.687	4.5318957421777	4.0004776052429	0.210031	0.0106532	93.8685089926032
0.688	4.5255266000627	3.9932721033632	0.209743	0.010642	93.9672993798158
0.689	4.5191674431603	3.9860885574454	0.209455	0.0106309	94.0654130882616
0.69	4.5128182597077	3.9789268776232	0.209168	0.0106198	94.1637318970225
0.691	4.5064790378672	3.9717869744777	0.208881	0.0106087	94.2622564498949
0.692	4.5001497657271	3.964668759035	0.208595	0.0105976	94.3609873933721
0.693	4.4938304313036	3.9575721427631	0.208309	0.0105866	94.459033117337
0.694	4.4875210225411	3.9504970375698	0.208023	0.0105756	94.5572828019214
0.695	4.4812215273145	3.9434433558004	0.207738	0.0105646	94.6557370842247
0.696	4.4749319334295	3.9364110102345	0.207453	0.0105537	94.7534987729422
0.697	4.4686522286243	3.9293999140845	0.207168	0.0105428	94.8514626095534
0.698	4.4623824005705	3.9224099809923	0.206884	0.0105319	94.9496292216979
0.699	4.4561224368745	3.9154411250274	0.206601	0.0105211	95.0470958359867
0.7	4.4498723250787	3.9084932606842	0.206318	0.0105103	95.1447627565341
0.701	4.4436320526621	3.9015663028798	0.206035	0.0104995	95.2426306014572
0.702	4.4374016070422	3.8946601669515	0.205752	0.0104888	95.3397910151781
0.703	4.4311809755754	3.8877747686545	0.20547	0.010478	95.4380606986066
0.704	4.4249701455587	3.8809100241594	0.205189	0.0104674	95.534707759329
0.705	4.4187691042303	3.87406585005	0.204907	0.0104567	95.6324653093232
0.706	4.412577838771	3.867242163321	0.204627	0.0104461	95.7295067058519
0.707	4.4063963363051	3.8604388813753	0.204346	0.0104355	95.8267452445978
0.708	4.4002245839014	3.8536559220225	0.204066	0.0104249	95.9241815269211
0.709	4.3940625685744	3.8468932034757	0.203786	0.0104144	96.0208941465663
0.71	4.3879102772853	3.8401506443499	0.203507	0.0104038	96.1187258501701
0.711	4.3817676969428	3.8334281636593	0.203228	0.0103934	96.2149056131776
0.712	4.3756348144046	3.8267256808154	0.20295	0.0103829	96.3122056458215
0.713	4.3695116164775	3.8200431156246	0.202672	0.0103725	96.408773198361
0.714	4.3633980899195	3.8133803882859	0.202394	0.0103621	96.5055345924089
0.715	4.3572942214397	3.8067374193889	0.202117	0.0103517	96.6024904122028
0.716	4.3511999977002	3.8001141299114	0.20184	0.0103414	96.6987061713114
0.717	4.3451154053162	3.7935104412173	0.201563	0.0103311	96.7951137826563
0.718	4.3390404308575	3.7869262750547	0.201287	0.0103208	96.8917138206341
0.719	4.3329750608492	3.7803615535531	0.201012	0.0103105	96.9885068619369
0.72	4.3269192817727	3.7738161992222	0.200736	0.0103003	97.0845509354097
0.721	4.3208730800666	3.7672901349487	0.200461	0.0102901	97.1807854151077
0.722	4.3148364421273	3.7607832839952	0.200187	0.0102799	97.27721086781
0.723	4.3088093543104	3.7542955699972	0.199913	0.0102698	97.3728797055444
0.724	4.3027918029311	3.7478269169618	0.199639	0.0102597	97.4687369026385
0.725	4.2967837742653	3.7413772492651	0.199365	0.0102496	97.5647830159226
0.726	4.2907852545504	3.7349464916503	0.199092	0.0102395	97.661018604424
0.727	4.2847962299862	3.7285345692258	0.19882	0.0102295	97.7564885869299
0.728	4.2788166867356	3.7221414074629	0.198547	0.0102195	97.8521454082881
0.729	4.2728466109253	3.715766932194	0.198276	0.0102095	97.9479896175131
0.73	4.2668859886471	3.7094110696103	0.198004	0.0101995	98.0440217657728
0.731	4.2609348059582	3.7030737462602	0.197733	0.0101896	98.1392792651331
0.732	4.2549930488822	3.6967548890471	0.197462	0.0101797	98.234722044854
0.733	4.2490607034098	3.6904544252272	0.197192	0.0101698	98.3303506460304
0.734	4.2431377554997	3.684172282408	0.196922	0.01016	98.4251968503937
0.735	4.2372241910794	3.6779083885461	0.196652	0.0101502	98.5202262024394
0.736	4.2313199960456	3.6716626719452	0.196383	0.0101404	98.6154392331663
0.737	4.2254251562652	3.6654350612541	0.196114	0.0101306	98.7108364756283
0.738	4.2195396575763	3.6592254854653	0.195846	0.0101209	98.8054422037566
0.739	4.2136634857882	3.6530338739124	0.195578	0.0101112	98.9002294485323
0.74	4.2077966266831	3.6468601562687	0.19531	0.0101015	98.9951987328615
0.741	4.2019390660158	3.6407042625451	0.195043	0.0100918	99.0903505816604
0.742	4.196090789515	3.6345661230884	0.194776	0.0100822	99.1847017516018
0.743	4.190251782884	3.628445668579	0.194509	0.0100726	99.2792327700892
0.744	4.1844220318012	3.6223428300298	0.194243	0.010063	99.3739441518434
0.745	4.1786015219206	3.6162575387837	0.193977	0.0100535	99.4678470184513
0.746	4.172790238873	3.610189726512	0.193712	0.0100439	99.5629187865271
0.747	4.1669881682661	3.6041393252128	0.193447	0.0100344	99.657179303197
0.748	4.1611952956855	3.5981062672087	0.193182	0.0100249	99.7516184700097
0.749	4.1554116066954	3.5920904851455	0.192917	0.0100155	99.8452398781888
0.75	4.1496370868387	3.5860919119903	0.192653	0.0100061	99.9390371873157
0.751	4.1438717216384	3.5801104810295	0.19239	0.00999665	100.033511226261
0.752	4.1381154965976	3.5741461258673	0.192127	0.00998727	100.127462259456
0.753	4.1323683972003	3.5681987804238	0.191864	0.00997792	100.22128860524
0.754	4.1266304089122	3.5622683789334	0.191601	0.00996859	100.315089696737
0.755	4.120901517181	3.5563548559427	0.191339	0.00995929	100.408764078564
0.756	4.1151817074372	3.5504581463094	0.191077	0.00995001	100.502411555365
0.757	4.1094709650948	3.5445781852002	0.190816	0.00994075	100.596031486558
0.758	4.1037692755513	3.538714908089	0.190555	0.00993153	100.689420461903
0.759	4.0980766241889	3.5328682507555	0.190294	0.00992232	100.782881422893
0.76	4.0923929963749	3.5270381492834	0.190034	0.00991314	100.87621076672
0.761	4.086718377462	3.5212245400586	0.189774	0.00990398	100.969509227603
0.762	4.0810527527891	3.5154273597679	0.189514	0.00989485	101.062674017292
0.763	4.0753961076819	3.509646545397	0.189255	0.00988574	101.155806242122
0.764	4.0697484274529	3.503882034229	0.188996	0.00987666	101.248802732908
0.765	4.0641096974029	3.4981337638428	0.188738	0.0098676	101.341764968179
0.766	4.0584799028206	3.4924016721114	0.188479	0.00985856	101.434692287717
0.767	4.0528590289835	3.4866856972004	0.188222	0.00984955	101.527480950906
0.768	4.0472470611584	3.4809857775663	0.187964	0.00984056	101.62023299487
0.769	4.041643984602	3.4753018519551	0.187707	0.0098316	101.712844297978
0.77	4.0360497845612	3.4696338594004	0.18745	0.00982266	101.805417269864
0.771	4.0304644462736	3.4639817392222	0.187194	0.00981374	101.897951239792
0.772	4.0248879549683	3.4583454310249	0.186938	0.00980484	101.990445535062
0.773	4.0193202958658	3.4527248746963	0.186682	0.00979597	102.082795271933
0.774	4.0137614541792	3.4471200104056	0.186427	0.00978713	102.174999208144
0.775	4.0082114151138	3.4415307786021	0.186172	0.0097783	102.267265271059
0.776	4.0026701638685	3.4359571200136	0.185917	0.0097695	102.35938379651
0.777	3.9971376856356	3.4303989756449	0.185663	0.00976072	102.451458498963
0.778	3.9916139656013	3.4248562867762	0.185409	0.00975197	102.543383541992
0.779	3.9860989889467	3.4193289949619	0.185156	0.00974323	102.635368353205
0.78	3.9805927408473	3.4138170420289	0.184903	0.00973452	102.727201752115
0.781	3.9750952064743	3.4083203700749	0.18465	0.00972584	102.81888248213
0.782	3.9696063709947	3.4028389214675	0.184397	0.00971717	102.910621096472
0.783	3.9641262195715	3.3973726388422	0.184145	0.00970853	103.002205277215
0.784	3.9586547373646	3.3919214651012	0.183893	0.00969991	103.093740045011
0.785	3.9531919095307	3.3864853434121	0.183642	0.00969132	103.185118229508
0.786	3.947737721224	3.3810642172061	0.183391	0.00968274	103.276551885107
0.787	3.9422921575966	3.3756580301768	0.18314	0.00967419	103.367827177262
0.788	3.9368552037988	3.3702667262788	0.18289	0.00966566	103.45904987347
0.789	3.9314268449796	3.3648902497263	0.18264	0.00965715	103.550219267589
0.79	3.9260070662869	3.3595285449915	0.18239	0.00964867	103.6412272365
0.791	3.9205958528681	3.3541815568036	0.182141	0.0096402	103.732287711873
0.792	3.9151931898704	3.3488492301469	0.181892	0.00963176	103.82318496308
0.793	3.909799062441	3.3435315102598	0.181643	0.00962334	103.914025691704
0.794	3.9044134557277	3.3382283426335	0.181395	0.00961494	104.004809182377
0.795	3.8990363548793	3.3329396730103	0.181147	0.00960657	104.095426359252
0.796	3.8936677450455	3.3276654473824	0.180899	0.00959821	104.18609303193
0.797	3.888307611378	3.3224056119908	0.180652	0.00958988	104.276591573617
0.798	3.8829559390301	3.3171601133236	0.180405	0.00958157	104.367029620407
0.799	3.8776127131575	3.3119288981149	0.180158	0.00957327	104.457515561558
0.8	3.8722779189186	3.3067119133434	0.179912	0.00956501	104.54772133014
0.801	3.8669515414746	3.301509106231	0.179666	0.00955676	104.637973539149
0.802	3.8616335659901	3.2963204242418	0.179421	0.00954853	104.728162345408
0.803	3.8563239776331	3.2911458150805	0.179175	0.00954032	104.818287017626
0.804	3.8510227615759	3.2859852266912	0.17893	0.00953214	104.908236765301
0.805	3.8457299029946	3.2808386072562	0.178686	0.00952398	104.998120533642
0.806	3.8404453870702	3.2757059051946	0.178442	0.00951583	105.088048021034
0.807	3.8351691989884	3.2705870691613	0.178198	0.00950771	105.177797808305
0.808	3.8299013239402	3.2654820480454	0.177954	0.00949961	105.267479401786
0.809	3.8246417471218	3.2603907909692	0.177711	0.00949153	105.357092059973
0.81	3.8193904537355	3.2553132472867	0.177468	0.00948347	105.446635039706
0.811	3.8141474289895	3.2502493665826	0.177226	0.00947543	105.536107596172
0.812	3.8089126580983	3.2451990986713	0.176983	0.00946741	105.625508982921
0.813	3.8036861262832	3.2401623935949	0.176742	0.00945941	105.71483845187
0.814	3.7984678187722	3.2351392016228	0.1765	0.00945144	105.803983308364
0.815	3.7932577208007	3.2301294732502	0.176259	0.00944348	105.893166502179
0.816	3.7880558176115	3.2251331591968	0.176018	0.00943554	105.982275524241
0.817	3.7828620944549	3.2201502104055	0.175777	0.00942762	106.071309620031
0.818	3.7776765365897	3.2151805780416	0.175537	0.00941973	106.160155333539
0.819	3.7724991292825	3.2102242134915	0.175297	0.00941185	106.249037118101
0.82	3.7673298578087	3.2052810683613	0.175058	0.00940399	106.337841703362
0.821	3.7621687074524	3.2003510944758	0.174819	0.00939616	106.426455062494
0.822	3.7570156635067	3.1954342438775	0.17458	0.00938834	106.515102776423
0.823	3.751870711274	3.1905304688252	0.174341	0.00938054	106.603671004015
0.824	3.7467338360663	3.1856397217928	0.174103	0.00937276	106.692158979852
0.825	3.7416050232052	3.1807619554686	0.173865	0.009365	106.780565936999
0.826	3.7364842580224	3.1758971227536	0.173628	0.00935727	106.868776897535
0.827	3.73137152586	3.1710451767608	0.17339	0.00934955	106.957019321786
0.828	3.7262668120704	3.1662060708141	0.173153	0.00934185	107.045178417551
0.829	3.7211701020167	3.1613797584469	0.172917	0.00933417	107.133253411926
0.83	3.7160813810729	3.1565661934009	0.172681	0.00932651	107.221243530538
0.831	3.7110006346243	3.1517653296258	0.172445	0.00931886	107.309263150214
0.832	3.7059278480675	3.1469771212771	0.172209	0.00931124	107.397081376917
0.833	3.7008630068107	3.1422015227158	0.171974	0.00930364	107.484812396008
0.834	3.6958060962737	3.1374384885073	0.171739	0.00929605	107.572571145809
0.835	3.6907571018887	3.1326879734199	0.171504	0.00928849	107.660125596303
0.836	3.6857160090997	3.1279499324238	0.17127	0.00928094	107.747706590065
0.837	3.6806828033635	3.1232243206906	0.171036	0.00927341	107.835197624175
0.838	3.6756574701492	3.1185110935916	0.170802	0.00926591	107.922481440031
0.839	3.670639994939	3.113810206697	0.170569	0.00925842	108.009790007366
0.84	3.6656303632278	3.1091216157751	0.170336	0.00925095	108.097006253412
0.841	3.660628560524	3.1044452767908	0.170103	0.00924349	108.184246426404
0.842	3.6556345723492	3.0997811459048	0.169871	0.00923606	108.27127584706
0.843	3.6506483842387	3.0951291794728	0.169639	0.00922864	108.358327987656
0.844	3.6456699817416	3.0904893340441	0.169407	0.00922125	108.445167412227
0.845	3.6406993504207	3.0858615663609	0.169176	0.00921387	108.532028344225
0.846	3.6357364758533	3.081245833357	0.168945	0.00920651	108.618792571778
0.847	3.6307813436307	3.0766420921571	0.168714	0.00919917	108.705459296871
0.848	3.6258339393588	3.0720503000756	0.168484	0.00919185	108.792027720209
0.849	3.6208942486581	3.0674704146158	0.168254	0.00918454	108.878615586627
0.85	3.615962257164	3.0629023934687	0.168024	0.00917725	108.965103925468
0.851	3.6110379505268	3.0583461945122	0.167794	0.00916998	109.051491933461
0.852	3.606121314412	3.05380177581	0.167565	0.00916273	109.137778806098
0.853	3.6012123345003	3.0492690956108	0.167336	0.0091555	109.223963737644
0.854	3.5963109964881	3.0447481123471	0.167108	0.00914829	109.31004592115
0.855	3.5914172860871	3.0402387846347	0.16688	0.00914109	109.396144223501
0.856	3.5865311890251	3.0357410712711	0.166652	0.00913391	109.482138536508
0.857	3.5816526910455	3.0312549312351	0.166424	0.00912675	109.568028049415
0.858	3.576781777908	3.0267803236856	0.166197	0.0091196	109.653932190008
0.859	3.5719184353885	3.0223172079609	0.16597	0.00911248	109.739609853739
0.86	3.5670626492792	3.0178655435775	0.165743	0.00910537	109.825300893868
0.861	3.5622144053888	3.0134252902292	0.165517	0.00909828	109.910884255046
0.862	3.5573736895427	3.0089964077866	0.165291	0.00909121	109.996359120513
0.863	3.5525404875831	3.0045788562955	0.165065	0.00908415	110.081845852391
0.864	3.5477147853689	3.0001725959767	0.16484	0.00907711	110.16722282753
0.865	3.5428965687764	2.9957775872247	0.164615	0.00907009	110.252489225576
0.866	3.5380858236988	2.9913937906068	0.16439	0.00906308	110.337765969185
0.867	3.5332825360468	2.9870211668623	0.164165	0.0090561	110.422808935414
0.868	3.5284866917484	2.9826596769018	0.163941	0.00904913	110.507860976691
0.869	3.5236982767493	2.9783092818059	0.163717	0.00904218	110.592799524009
0.87	3.5189172770126	2.9739699428248	0.163494	0.00903524	110.677746246918
0.871	3.5141436785197	2.9696416213771	0.163271	0.00902832	110.76257819838
0.872	3.5093774672694	2.965324279049	0.163048	0.00902142	110.847294550082
0.873	3.5046186292788	2.9610178775936	0.162825	0.00901453	110.932017531696
0.874	3.4998671505832	2.9567223789298	0.162603	0.00900767	111.016500382452
0.875	3.4951230172361	2.9524377451418	0.162381	0.00900082	111.100988576596
0.876	3.4903862153094	2.9481639384778	0.162159	0.00899398	111.185481844523
0.877	3.4856567308933	2.9439009213495	0.161938	0.00898716	111.269856105822
0.878	3.480934550097	2.9396486563312	0.161717	0.00898036	111.354110525636
0.879	3.476219659048	2.9354071061591	0.161496	0.00897358	111.438244268174
0.88	3.4715120438927	2.93117623373	0.161275	0.00896681	111.522380869005
0.881	3.4668116907966	2.926956002101	0.161055	0.00896006	111.606395492887
0.882	3.4621185859441	2.9227463744886	0.160835	0.00895332	111.690412048268
0.883	3.4574327155386	2.9185473142676	0.160616	0.0089466	111.774305322692
0.884	3.4527540658027	2.9143587849705	0.160397	0.0089399	111.858074475106
0.885	3.4480826229785	2.9101807502868	0.160178	0.00893322	111.941718663595
0.886	3.4434183733273	2.906013174062	0.159959	0.00892655	112.02536254208
0.887	3.4387613031299	2.9018560202968	0.159741	0.00891989	112.109005828547
0.888	3.4341113986868	2.8977092531467	0.159523	0.00891325	112.192522368384
0.889	3.4294686463179	2.8935728369207	0.159305	0.00890663	112.275911315503
0.89	3.4248330323631	2.8894467360808	0.159087	0.00890003	112.359171823016
0.891	3.4202045431821	2.8853309152412	0.15887	0.00889344	112.442429476108
0.892	3.4155831651542	2.8812253391675	0.158653	0.00888687	112.525557367217
0.893	3.4109688846791	2.8771299727759	0.158437	0.00888031	112.608681453688
0.894	3.4063616881763	2.8730447811326	0.158221	0.00887377	112.691674451783
0.895	3.4017615620856	2.8689697294528	0.158005	0.00886724	112.774662690984
0.896	3.3971684928669	2.8649047831003	0.157789	0.00886073	112.857518511454
0.897	3.3925824670005	2.8608499075863	0.157574	0.00885424	112.940241059651
0.898	3.3880034709871	2.8568050685691	0.157359	0.00884776	113.022957223071
0.899	3.3834314913476	2.8527702318529	0.157144	0.00884129	113.105666707008
0.9	3.3788665146238	2.8487453633875	0.15693	0.00883485	113.188112984374
0.901	3.3743085273778	2.8447304292675	0.156715	0.00882841	113.270679544788
0.902	3.3697575161924	2.8407253957312	0.156502	0.008822	113.352981183405
0.903	3.3652134676712	2.8367302291604	0.156288	0.0088156	113.435273832751
0.904	3.3606763684385	2.8327448960793	0.156075	0.00880921	113.517557192983
0.905	3.3561462051397	2.8287693631539	0.155862	0.00880284	113.599701914382
0.906	3.3516229644407	2.8248035971913	0.155649	0.00879648	113.681836370912
0.907	3.3471066330286	2.8208475651392	0.155437	0.00879014	113.763830837734
0.908	3.3425971976116	2.8169012340847	0.155225	0.00878382	113.84568445164
0.909	3.3380946449189	2.8129645712541	0.155013	0.00877751	113.927526143519
0.91	3.3335989617009	2.8090375440121	0.154801	0.00877122	114.009225626538
0.911	3.3291101347291	2.8051201198608	0.15459	0.00876494	114.090912202479
0.912	3.3246281507963	2.8012122664392	0.154379	0.00875867	114.17258556379
0.913	3.3201529967168	2.797313951523	0.154169	0.00875242	114.254114861947
0.914	3.315684659326	2.7934251430229	0.153958	0.00874619	114.335499228807
0.915	3.3112231254808	2.7895458089848	0.153748	0.00873997	114.416868707787
0.916	3.3067683820596	2.785675917589	0.153539	0.00873376	114.498222987579
0.917	3.3023204159624	2.781815437149	0.153329	0.00872757	114.579430471483
0.918	3.2978792141107	2.7779643361115	0.15312	0.0087214	114.660490288256
0.919	3.2934447634474	2.7741225830553	0.152911	0.00871524	114.741533222264
0.92	3.2890170509374	2.7702901466907	0.152703	0.00870909	114.822558958513
0.921	3.2845960635671	2.7664669958593	0.152494	0.00870296	114.903435153097
0.922	3.2801817883446	2.7626530995327	0.152286	0.00869684	114.984293145556
0.923	3.2757742123	2.7588484268121	0.152079	0.00869074	115.065000218624
0.924	3.2713733224849	2.7550529469279	0.151871	0.00868465	115.145688081846
0.925	3.2669791059731	2.7512666292388	0.151664	0.00867858	115.226223644882
0.926	3.2625915498602	2.7474894432313	0.151457	0.00867252	115.306738987053
0.927	3.2582106412635	2.7437213585189	0.151251	0.00866648	115.387100645245
0.928	3.2538363673226	2.7399623448416	0.151044	0.00866045	115.467441068305
0.929	3.2494687151989	2.7362123720653	0.150838	0.00865443	115.547759933352
0.93	3.245107672076	2.7324714101813	0.150633	0.00864843	115.627923218434
0.931	3.2407532251594	2.7287394293051	0.150427	0.00864244	115.708063926391
0.932	3.236405361677	2.7250163996767	0.150222	0.00863647	115.788047662992
0.933	3.2320640688784	2.7213022916592	0.150017	0.00863051	115.868007800234
0.934	3.2277293340358	2.7175970757386	0.149813	0.00862457	115.947809571955
0.935	3.2234011444433	2.7139007225231	0.149609	0.00861864	116.027586719018
0.936	3.2190794874175	2.7102132027425	0.149405	0.00861272	116.107338912678
0.937	3.2147643502971	2.7065344872475	0.149201	0.00860682	116.186930829273
0.938	3.2104557204429	2.7028645470094	0.148998	0.00860093	116.266496762559
0.939	3.2061535852385	2.6992033531193	0.148794	0.00859505	116.346036381406
0.94	3.2018579320893	2.6955508767873	0.148592	0.00858919	116.425413805027
0.941	3.1975687484235	2.6919070893424	0.148389	0.00858334	116.504763879795
0.942	3.1932860216914	2.6882719622316	0.148187	0.00857751	116.583950353891
0.943	3.1890097393657	2.6846454670194	0.147985	0.00857169	116.663108441859
0.944	3.1847398889417	2.6810275753872	0.147783	0.00856588	116.742237808608
0.945	3.1804764579371	2.6774182591328	0.147582	0.00856009	116.821201646244
0.946	3.176219433892	2.6738174901699	0.14738	0.00855431	116.900135721058
0.947	3.171968804369	2.6702252405272	0.14718	0.00854855	116.97890285487
0.948	3.1677245569532	2.6666414823481	0.146979	0.0085428	117.057639181533
0.949	3.1634866792523	2.6630661878904	0.146779	0.00853706	117.136344362111
0.95	3.1592551588963	2.6594993295252	0.146579	0.00853133	117.215018056974
0.951	3.1550299835381	2.6559408797366	0.146379	0.00852562	117.293522347935
0.952	3.1508111408528	2.6523908111213	0.146179	0.00851992	117.371994103231
0.953	3.1465986185384	2.6488490963878	0.14598	0.00851424	117.450295035141
0.954	3.1423924043154	2.645315708356	0.145781	0.00850857	117.528562378872
0.955	3.1381924859266	2.6417906199567	0.145583	0.00850291	117.606795791088
0.956	3.133998851138	2.638273804231	0.145384	0.00849726	117.684994927777
0.957	3.1298114877376	2.6347652343297	0.145186	0.00849163	117.763020762798
0.958	3.1256303835366	2.6312648835128	0.144989	0.00848601	117.841011264422
0.959	3.1214555263684	2.6277727251492	0.144791	0.00848041	117.918827037844
0.96	3.1172869040893	2.6242887327157	0.144594	0.00847482	117.996606417599
0.961	3.1131245045782	2.6208128797971	0.144397	0.00846924	118.074349056114
0.962	3.1089683157367	2.6173451400852	0.1442	0.00846367	118.152054605154
0.963	3.104818325489	2.6138854873782	0.144004	0.00845812	118.229582933323
0.964	3.1006745217821	2.6104338955808	0.143808	0.00845258	118.307073106673
0.965	3.0965368925856	2.6069903387032	0.143612	0.00844705	118.384524774921
0.966	3.0924054258917	2.6035547908605	0.143416	0.00844153	118.461937587144
0.967	3.0882801097157	2.6001272262726	0.143221	0.00843603	118.539170676254
0.968	3.084160932095	2.5967076192635	0.143026	0.00843054	118.61636383909
0.969	3.0800478810902	2.5932959442607	0.142831	0.00842507	118.693375841388
0.97	3.0759409447845	2.5898921757949	0.142637	0.0084196	118.770487909164
0.971	3.0718401112835	2.5864962884993	0.142442	0.00841415	118.847417742731
0.972	3.0677453687159	2.5831082571094	0.142248	0.00840871	118.924305868558
0.973	3.063656705233	2.579728056462	0.142055	0.00840329	119.001010318578
0.974	3.0595741090086	2.5763556614955	0.141861	0.00839788	119.077671983882
0.975	3.0554975682395	2.5729910472485	0.141668	0.00839248	119.154290507693
0.976	3.0514270711451	2.5696341888603	0.141475	0.00838709	119.230865532622
0.977	3.0473626059673	2.5662850615693	0.141283	0.00838171	119.307396700673
0.978	3.0433041609711	2.5629436407137	0.141091	0.00837635	119.383741128296
0.979	3.0392517244438	2.5596099017301	0.140899	0.008371	119.460040616414
0.98	3.0352052846956	2.5562838201534	0.140707	0.00836566	119.536294805192
0.981	3.0311648300595	2.5529653716167	0.140515	0.00836033	119.612503334199
0.982	3.027130348891	2.54965453185	0.140324	0.00835502	119.688522588815
0.983	3.0231018295683	2.5463512766803	0.140133	0.00834972	119.764495096842
0.984	3.0190792604922	2.5430555820314	0.139942	0.00834443	119.840420496067
0.985	3.0150626300865	2.5397674239225	0.139752	0.00833915	119.9162984237
0.986	3.0110519267972	2.5364867784689	0.139562	0.00833389	119.991984535433
0.987	3.0070471390934	2.5332136218805	0.139372	0.00832864	120.067622084758
0.988	3.0030482554665	2.5299479304621	0.139182	0.0083234	120.143210707163
0.989	2.9990552644307	2.5266896806127	0.138993	0.00831817	120.218750037568
0.99	2.9950681545228	2.5234388488248	0.138804	0.00831295	120.294239710331
0.991	2.9910869143022	2.5201954116843	0.138615	0.00830775	120.369534470825
0.992	2.9871115323511	2.5169593458702	0.138427	0.00830255	120.444923547585
0.993	2.9831419972739	2.5137306281535	0.138238	0.00829737	120.520116615265
0.994	2.9791782976979	2.5105092353975	0.13805	0.0082922	120.595258194448
0.995	2.975220422273	2.5072951445569	0.137863	0.00828705	120.670202303594
0.996	2.9712683596714	2.5040883326774	0.137675	0.0082819	120.745239618928
0.997	2.9673220985882	2.5008887768957	0.137488	0.00827677	120.820078363903
0.998	2.9633816277407	2.4976964544385	0.137301	0.00827165	120.894863781712
0.999	2.9594469358689	2.4945113426224	0.137114	0.00826654	120.969595501867
1	2.9555180117354	2.4913334188535	0.136928	0.00826144	121.044273153349
